Time	 Optical Density:600	A1	A2	A3	A4	A5	A6	A7	A8	A9	A10	A11	A12	B1	B2	B3	B4	B5	B6	B7	B8	B9	B10	B11	B12	C1	C2	C3	C4	C5	C6	C7	C8	C9	C10	C11	C12	D1	D2	D3	D4	D5	D6	D7	D8	D9	D10	D11	D12	E1	E2	E3	E4	E5	E6	E7	E8	E9	E10	E11	E12	F1	F2	F3	F4	F5	F6	F7	F8	F9	F10	F11	F12	G1	G2	G3	G4	G5	G6	G7	G8	G9	G10	G11	G12	H1	H2	H3	H4	H5	H6	H7	H8	H9	H10	H11	H12
0:00:19	37,0	0,098	0,093	0,093	0,093	0,094	0,093	0,094	0,093	0,095	0,093	0,094	0,093	0,095	0,117	0,114	0,111	0,110	0,095	0,095	0,095	0,095	0,093	0,092	0,092	0,096	0,118	0,114	0,119	0,122	0,116	0,109	0,110	0,103	0,095	0,092	0,092	0,094	0,131	0,133	0,133	0,125	0,124	0,117	0,118	0,132	0,113	0,098	0,092	0,094	0,123	0,125	0,137	0,128	0,129	0,137	0,141	0,130	0,107	0,104	0,093	0,099	0,120	0,121	0,124	0,123	0,129	0,129	0,126	0,129	0,119	0,106	0,092	0,094	0,121	0,129	0,124	0,131	0,129	0,145	0,129	0,118	0,120	0,100	0,094	0,093	0,118	0,124	0,126	0,130	0,120	0,129	0,100	0,093	0,093	0,092	0,095
0:10:19	37,0	0,098	0,093	0,093	0,093	0,093	0,093	0,094	0,093	0,095	0,093	0,093	0,093	0,095	0,095	0,097	0,093	0,096	0,093	0,096	0,095	0,095	0,093	0,092	0,091	0,096	0,092	0,093	0,094	0,093	0,093	0,094	0,093	0,094	0,094	0,092	0,092	0,094	0,096	0,093	0,097	0,093	0,093	0,094	0,095	0,104	0,094	0,094	0,092	0,094	0,094	0,093	0,100	0,093	0,092	0,097	0,097	0,095	0,093	0,097	0,092	0,099	0,095	0,094	0,093	0,094	0,095	0,097	0,098	0,097	0,094	0,092	0,092	0,093	0,092	0,094	0,094	0,092	0,097	0,101	0,096	0,094	0,098	0,092	0,094	0,093	0,096	0,093	0,096	0,104	0,092	0,101	0,096	0,093	0,093	0,092	0,100
0:20:19	37,0	0,098	0,092	0,093	0,093	0,093	0,093	0,094	0,093	0,095	0,093	0,094	0,093	0,095	0,095	0,096	0,093	0,097	0,094	0,095	0,095	0,095	0,093	0,092	0,091	0,096	0,092	0,093	0,095	0,094	0,093	0,094	0,093	0,095	0,094	0,092	0,092	0,094	0,096	0,094	0,097	0,094	0,093	0,094	0,095	0,104	0,094	0,094	0,092	0,094	0,094	0,094	0,101	0,093	0,092	0,097	0,098	0,095	0,093	0,096	0,092	0,098	0,095	0,094	0,093	0,094	0,096	0,097	0,098	0,097	0,094	0,092	0,092	0,093	0,092	0,094	0,093	0,092	0,097	0,101	0,096	0,094	0,098	0,092	0,094	0,093	0,096	0,093	0,096	0,104	0,092	0,101	0,095	0,093	0,093	0,092	0,096
0:30:19	37,0	0,098	0,092	0,093	0,093	0,093	0,093	0,094	0,093	0,095	0,093	0,094	0,093	0,095	0,095	0,096	0,094	0,097	0,094	0,096	0,095	0,095	0,093	0,092	0,092	0,096	0,092	0,094	0,095	0,094	0,093	0,095	0,094	0,095	0,095	0,092	0,092	0,094	0,096	0,094	0,098	0,094	0,093	0,094	0,095	0,104	0,095	0,094	0,092	0,094	0,094	0,094	0,102	0,094	0,093	0,097	0,098	0,096	0,093	0,097	0,092	0,098	0,095	0,094	0,093	0,095	0,096	0,097	0,098	0,098	0,094	0,092	0,092	0,093	0,092	0,094	0,093	0,092	0,097	0,101	0,096	0,094	0,098	0,092	0,094	0,093	0,096	0,093	0,096	0,105	0,092	0,101	0,095	0,093	0,093	0,092	0,097
0:40:19	37,0	0,098	0,093	0,093	0,094	0,094	0,093	0,094	0,093	0,095	0,093	0,094	0,093	0,095	0,095	0,096	0,094	0,097	0,094	0,095	0,095	0,096	0,093	0,092	0,092	0,096	0,093	0,095	0,096	0,095	0,094	0,095	0,094	0,096	0,095	0,092	0,092	0,094	0,096	0,095	0,098	0,095	0,094	0,095	0,096	0,105	0,096	0,094	0,092	0,094	0,094	0,095	0,102	0,095	0,093	0,098	0,098	0,096	0,094	0,097	0,092	0,098	0,095	0,095	0,094	0,095	0,096	0,098	0,098	0,098	0,095	0,092	0,092	0,094	0,092	0,094	0,093	0,093	0,097	0,101	0,097	0,095	0,098	0,093	0,094	0,093	0,096	0,093	0,097	0,105	0,092	0,101	0,096	0,093	0,093	0,092	0,102
0:50:19	37,0	0,097	0,092	0,093	0,093	0,093	0,093	0,094	0,093	0,095	0,093	0,094	0,093	0,095	0,095	0,096	0,093	0,097	0,093	0,096	0,095	0,095	0,093	0,092	0,092	0,096	0,092	0,095	0,096	0,096	0,094	0,095	0,094	0,097	0,096	0,092	0,092	0,094	0,096	0,095	0,099	0,095	0,094	0,095	0,096	0,105	0,096	0,094	0,092	0,094	0,094	0,095	0,103	0,095	0,094	0,098	0,098	0,097	0,095	0,097	0,092	0,098	0,095	0,095	0,095	0,096	0,097	0,099	0,098	0,099	0,096	0,092	0,092	0,093	0,092	0,094	0,093	0,092	0,097	0,101	0,097	0,094	0,098	0,092	0,094	0,093	0,096	0,093	0,097	0,104	0,092	0,101	0,095	0,093	0,093	0,092	0,099
1:00:19	37,0	0,098	0,092	0,094	0,094	0,094	0,093	0,094	0,093	0,096	0,093	0,094	0,093	0,095	0,095	0,096	0,094	0,097	0,094	0,096	0,096	0,096	0,093	0,092	0,092	0,095	0,093	0,096	0,098	0,097	0,095	0,096	0,094	0,098	0,097	0,092	0,092	0,095	0,096	0,096	0,100	0,096	0,095	0,096	0,096	0,106	0,097	0,094	0,092	0,094	0,094	0,096	0,104	0,096	0,095	0,099	0,099	0,098	0,096	0,097	0,092	0,098	0,095	0,096	0,095	0,097	0,098	0,100	0,099	0,100	0,098	0,092	0,092	0,094	0,092	0,094	0,093	0,093	0,097	0,101	0,097	0,094	0,098	0,093	0,094	0,093	0,096	0,093	0,097	0,105	0,092	0,101	0,096	0,093	0,093	0,092	0,102
1:10:19	37,0	0,097	0,092	0,093	0,093	0,093	0,093	0,094	0,093	0,096	0,093	0,094	0,093	0,095	0,095	0,096	0,093	0,097	0,093	0,096	0,096	0,095	0,092	0,092	0,092	0,095	0,092	0,097	0,099	0,098	0,096	0,096	0,095	0,099	0,099	0,091	0,092	0,094	0,096	0,097	0,101	0,097	0,096	0,097	0,096	0,107	0,098	0,094	0,092	0,094	0,094	0,097	0,104	0,098	0,096	0,100	0,099	0,098	0,098	0,097	0,092	0,098	0,095	0,098	0,096	0,098	0,099	0,100	0,099	0,102	0,100	0,092	0,092	0,093	0,092	0,094	0,093	0,092	0,096	0,101	0,096	0,094	0,098	0,092	0,093	0,093	0,096	0,093	0,097	0,105	0,092	0,101	0,095	0,093	0,093	0,092	0,101
1:20:19	37,0	0,098	0,092	0,093	0,093	0,093	0,093	0,094	0,093	0,096	0,093	0,094	0,093	0,095	0,095	0,095	0,094	0,097	0,093	0,096	0,095	0,095	0,093	0,092	0,092	0,096	0,092	0,099	0,101	0,100	0,098	0,097	0,097	0,102	0,100	0,092	0,092	0,094	0,096	0,099	0,103	0,098	0,098	0,098	0,097	0,110	0,100	0,094	0,092	0,094	0,094	0,099	0,106	0,100	0,097	0,101	0,100	0,100	0,100	0,097	0,092	0,099	0,095	0,100	0,098	0,101	0,100	0,102	0,100	0,104	0,102	0,092	0,092	0,093	0,092	0,094	0,093	0,092	0,097	0,101	0,097	0,094	0,098	0,092	0,094	0,093	0,096	0,093	0,097	0,105	0,092	0,101	0,095	0,093	0,093	0,092	0,100
1:30:19	37,0	0,098	0,092	0,093	0,094	0,093	0,094	0,094	0,093	0,096	0,093	0,094	0,093	0,095	0,095	0,096	0,093	0,097	0,094	0,096	0,096	0,095	0,093	0,092	0,091	0,095	0,092	0,101	0,104	0,103	0,100	0,098	0,097	0,105	0,103	0,092	0,092	0,094	0,096	0,101	0,106	0,101	0,100	0,100	0,097	0,112	0,103	0,094	0,092	0,094	0,094	0,101	0,109	0,103	0,099	0,103	0,101	0,102	0,103	0,097	0,092	0,098	0,095	0,102	0,099	0,104	0,102	0,104	0,101	0,107	0,107	0,092	0,092	0,093	0,092	0,093	0,093	0,092	0,097	0,101	0,097	0,094	0,098	0,092	0,094	0,093	0,096	0,093	0,097	0,105	0,092	0,101	0,096	0,093	0,093	0,092	0,100
1:40:19	37,0	0,098	0,092	0,094	0,094	0,093	0,093	0,094	0,093	0,096	0,093	0,094	0,093	0,095	0,095	0,097	0,094	0,097	0,094	0,096	0,096	0,095	0,093	0,092	0,092	0,095	0,092	0,105	0,108	0,107	0,102	0,100	0,098	0,109	0,107	0,092	0,092	0,094	0,096	0,104	0,110	0,104	0,103	0,103	0,097	0,116	0,107	0,094	0,092	0,094	0,094	0,104	0,112	0,107	0,103	0,105	0,101	0,105	0,107	0,097	0,092	0,098	0,095	0,106	0,102	0,109	0,105	0,107	0,102	0,111	0,111	0,092	0,092	0,094	0,092	0,094	0,093	0,093	0,097	0,101	0,097	0,094	0,098	0,093	0,094	0,093	0,096	0,093	0,097	0,105	0,092	0,101	0,095	0,093	0,093	0,092	0,101
1:50:19	37,0	0,098	0,092	0,093	0,094	0,093	0,093	0,094	0,093	0,096	0,093	0,094	0,093	0,095	0,095	0,096	0,093	0,096	0,094	0,096	0,096	0,095	0,093	0,092	0,092	0,095	0,093	0,110	0,114	0,113	0,106	0,103	0,100	0,116	0,112	0,092	0,092	0,094	0,096	0,109	0,115	0,108	0,107	0,106	0,098	0,121	0,113	0,094	0,092	0,094	0,094	0,109	0,116	0,113	0,107	0,108	0,102	0,110	0,112	0,097	0,091	0,098	0,095	0,112	0,106	0,115	0,109	0,111	0,103	0,117	0,118	0,092	0,092	0,093	0,092	0,094	0,093	0,093	0,097	0,101	0,097	0,094	0,098	0,093	0,094	0,093	0,097	0,093	0,097	0,105	0,092	0,101	0,095	0,093	0,093	0,092	0,101
2:00:19	37,0	0,098	0,092	0,093	0,093	0,093	0,093	0,094	0,093	0,096	0,093	0,094	0,093	0,095	0,095	0,096	0,093	0,097	0,094	0,096	0,096	0,095	0,093	0,092	0,091	0,095	0,093	0,117	0,121	0,120	0,112	0,106	0,102	0,123	0,118	0,092	0,092	0,094	0,096	0,115	0,123	0,114	0,113	0,111	0,099	0,128	0,119	0,094	0,092	0,094	0,094	0,115	0,122	0,120	0,113	0,113	0,104	0,116	0,119	0,097	0,092	0,098	0,095	0,119	0,112	0,123	0,115	0,117	0,105	0,124	0,126	0,092	0,092	0,093	0,092	0,094	0,093	0,093	0,097	0,101	0,097	0,094	0,098	0,093	0,094	0,093	0,096	0,093	0,097	0,105	0,092	0,101	0,095	0,093	0,093	0,092	0,099
2:10:19	37,0	0,098	0,092	0,093	0,093	0,093	0,094	0,094	0,092	0,095	0,093	0,094	0,093	0,095	0,095	0,096	0,093	0,097	0,094	0,094	0,095	0,096	0,094	0,092	0,091	0,096	0,092	0,126	0,130	0,129	0,119	0,110	0,104	0,133	0,126	0,092	0,092	0,094	0,097	0,122	0,131	0,122	0,120	0,117	0,100	0,137	0,127	0,094	0,092	0,094	0,095	0,122	0,130	0,129	0,120	0,117	0,107	0,124	0,128	0,097	0,092	0,099	0,094	0,128	0,118	0,133	0,121	0,125	0,107	0,133	0,134	0,092	0,092	0,093	0,092	0,094	0,093	0,093	0,097	0,102	0,097	0,094	0,098	0,093	0,094	0,093	0,096	0,093	0,097	0,105	0,092	0,101	0,095	0,093	0,093	0,092	0,098
2:20:19	37,0	0,098	0,093	0,093	0,093	0,094	0,094	0,094	0,093	0,095	0,093	0,094	0,093	0,095	0,095	0,096	0,094	0,097	0,094	0,095	0,095	0,096	0,094	0,092	0,092	0,096	0,093	0,134	0,139	0,137	0,127	0,116	0,109	0,144	0,134	0,092	0,092	0,094	0,097	0,131	0,140	0,130	0,128	0,125	0,103	0,147	0,137	0,094	0,092	0,094	0,095	0,132	0,138	0,139	0,128	0,125	0,110	0,133	0,137	0,097	0,092	0,099	0,094	0,137	0,127	0,143	0,130	0,133	0,111	0,143	0,145	0,092	0,092	0,093	0,092	0,094	0,093	0,093	0,097	0,102	0,097	0,095	0,098	0,093	0,094	0,093	0,096	0,093	0,097	0,105	0,093	0,101	0,095	0,093	0,093	0,092	0,099
2:30:19	37,0	0,098	0,092	0,093	0,094	0,093	0,094	0,094	0,092	0,095	0,093	0,094	0,093	0,095	0,095	0,096	0,093	0,096	0,093	0,094	0,095	0,095	0,094	0,092	0,092	0,096	0,092	0,146	0,151	0,149	0,137	0,122	0,114	0,156	0,146	0,092	0,092	0,094	0,097	0,141	0,152	0,139	0,137	0,134	0,105	0,158	0,148	0,093	0,092	0,094	0,094	0,142	0,148	0,151	0,138	0,132	0,115	0,141	0,149	0,097	0,092	0,098	0,094	0,149	0,136	0,156	0,140	0,142	0,116	0,156	0,158	0,092	0,092	0,093	0,092	0,093	0,093	0,092	0,097	0,101	0,097	0,095	0,098	0,093	0,094	0,093	0,096	0,093	0,097	0,105	0,092	0,100	0,095	0,093	0,093	0,092	0,098
2:40:19	37,0	0,098	0,093	0,093	0,094	0,093	0,094	0,094	0,093	0,095	0,093	0,094	0,093	0,095	0,095	0,096	0,094	0,096	0,094	0,094	0,095	0,096	0,094	0,092	0,092	0,096	0,092	0,160	0,165	0,162	0,149	0,131	0,120	0,170	0,159	0,092	0,092	0,094	0,097	0,154	0,166	0,152	0,149	0,145	0,110	0,172	0,162	0,094	0,092	0,094	0,095	0,155	0,161	0,164	0,150	0,144	0,120	0,153	0,163	0,096	0,092	0,098	0,094	0,162	0,148	0,170	0,152	0,155	0,123	0,169	0,172	0,092	0,092	0,093	0,092	0,094	0,094	0,092	0,097	0,102	0,097	0,094	0,098	0,093	0,094	0,093	0,096	0,093	0,097	0,105	0,092	0,101	0,095	0,093	0,093	0,092	0,096
2:50:19	37,0	0,098	0,093	0,093	0,094	0,094	0,094	0,094	0,093	0,095	0,093	0,094	0,093	0,095	0,095	0,096	0,094	0,097	0,094	0,094	0,095	0,095	0,094	0,092	0,092	0,096	0,093	0,173	0,179	0,176	0,164	0,141	0,128	0,184	0,172	0,092	0,092	0,094	0,097	0,168	0,178	0,166	0,163	0,159	0,115	0,186	0,177	0,094	0,093	0,094	0,095	0,169	0,175	0,178	0,163	0,157	0,128	0,164	0,177	0,097	0,092	0,099	0,094	0,178	0,161	0,185	0,166	0,168	0,131	0,184	0,187	0,092	0,092	0,093	0,093	0,094	0,094	0,092	0,097	0,101	0,097	0,095	0,098	0,093	0,094	0,093	0,096	0,093	0,097	0,105	0,093	0,101	0,095	0,093	0,093	0,092	0,097
3:00:19	37,0	0,098	0,092	0,093	0,094	0,093	0,093	0,094	0,093	0,096	0,093	0,093	0,093	0,095	0,095	0,096	0,093	0,097	0,093	0,095	0,095	0,095	0,093	0,092	0,092	0,096	0,092	0,189	0,195	0,193	0,178	0,154	0,136	0,199	0,186	0,092	0,092	0,094	0,096	0,183	0,196	0,180	0,176	0,172	0,122	0,201	0,192	0,094	0,092	0,094	0,094	0,184	0,189	0,195	0,177	0,172	0,136	0,178	0,192	0,097	0,092	0,098	0,095	0,193	0,174	0,203	0,180	0,182	0,140	0,198	0,203	0,092	0,092	0,093	0,092	0,094	0,093	0,092	0,097	0,101	0,097	0,094	0,098	0,093	0,094	0,093	0,096	0,093	0,097	0,105	0,092	0,101	0,095	0,093	0,093	0,092	0,098
3:10:19	37,0	0,098	0,093	0,093	0,094	0,094	0,094	0,094	0,093	0,096	0,093	0,093	0,093	0,095	0,096	0,095	0,093	0,097	0,094	0,096	0,095	0,096	0,093	0,092	0,092	0,096	0,093	0,208	0,214	0,211	0,194	0,168	0,145	0,217	0,202	0,092	0,092	0,094	0,096	0,201	0,213	0,196	0,193	0,187	0,129	0,218	0,209	0,094	0,092	0,094	0,094	0,202	0,206	0,213	0,192	0,186	0,145	0,192	0,209	0,097	0,092	0,098	0,095	0,211	0,191	0,222	0,196	0,199	0,149	0,215	0,221	0,092	0,092	0,094	0,093	0,094	0,094	0,093	0,097	0,102	0,097	0,095	0,098	0,093	0,094	0,093	0,097	0,093	0,097	0,105	0,092	0,101	0,095	0,093	0,093	0,092	0,095
3:20:19	37,0	0,098	0,093	0,093	0,093	0,093	0,094	0,094	0,093	0,095	0,093	0,094	0,093	0,095	0,095	0,096	0,093	0,097	0,093	0,094	0,095	0,096	0,094	0,092	0,092	0,096	0,092	0,226	0,233	0,231	0,211	0,183	0,154	0,234	0,220	0,092	0,092	0,094	0,097	0,220	0,234	0,215	0,211	0,203	0,136	0,235	0,226	0,093	0,092	0,094	0,094	0,221	0,223	0,232	0,210	0,202	0,154	0,208	0,226	0,096	0,092	0,098	0,094	0,231	0,208	0,241	0,212	0,215	0,157	0,232	0,239	0,092	0,092	0,093	0,093	0,093	0,094	0,093	0,097	0,102	0,097	0,094	0,098	0,093	0,094	0,093	0,097	0,093	0,097	0,105	0,092	0,100	0,095	0,093	0,093	0,092	0,098
3:30:19	37,0	0,098	0,093	0,093	0,094	0,094	0,094	0,094	0,093	0,095	0,093	0,094	0,093	0,095	0,095	0,096	0,094	0,097	0,094	0,094	0,095	0,096	0,094	0,092	0,092	0,096	0,092	0,244	0,251	0,249	0,229	0,198	0,163	0,250	0,239	0,092	0,092	0,094	0,097	0,238	0,251	0,234	0,230	0,220	0,144	0,253	0,245	0,093	0,092	0,094	0,095	0,240	0,243	0,252	0,228	0,220	0,163	0,225	0,245	0,097	0,092	0,099	0,094	0,249	0,227	0,258	0,231	0,233	0,165	0,249	0,257	0,092	0,092	0,093	0,093	0,094	0,094	0,092	0,097	0,102	0,097	0,094	0,098	0,093	0,094	0,093	0,097	0,093	0,097	0,105	0,092	0,101	0,095	0,093	0,093	0,092	0,098
3:40:19	37,0	0,098	0,092	0,093	0,093	0,094	0,094	0,094	0,093	0,095	0,093	0,094	0,093	0,095	0,095	0,096	0,093	0,096	0,093	0,094	0,095	0,096	0,094	0,092	0,092	0,095	0,093	0,260	0,265	0,265	0,247	0,216	0,171	0,264	0,255	0,092	0,092	0,094	0,097	0,254	0,266	0,251	0,247	0,238	0,151	0,268	0,263	0,093	0,092	0,094	0,095	0,256	0,260	0,267	0,246	0,237	0,172	0,240	0,263	0,096	0,092	0,098	0,094	0,266	0,245	0,273	0,248	0,251	0,172	0,264	0,272	0,092	0,092	0,093	0,093	0,093	0,094	0,092	0,097	0,101	0,097	0,094	0,098	0,093	0,094	0,093	0,096	0,094	0,097	0,105	0,092	0,100	0,095	0,093	0,093	0,092	0,099
3:50:19	37,0	0,098	0,093	0,093	0,094	0,094	0,094	0,094	0,093	0,095	0,093	0,094	0,093	0,095	0,095	0,096	0,093	0,097	0,094	0,094	0,095	0,096	0,094	0,092	0,092	0,096	0,093	0,276	0,280	0,279	0,265	0,234	0,179	0,278	0,271	0,092	0,092	0,094	0,097	0,269	0,279	0,268	0,263	0,256	0,160	0,283	0,278	0,094	0,093	0,094	0,095	0,272	0,276	0,280	0,261	0,255	0,181	0,253	0,279	0,097	0,092	0,098	0,094	0,281	0,261	0,287	0,265	0,267	0,180	0,278	0,287	0,092	0,092	0,093	0,093	0,094	0,094	0,092	0,097	0,102	0,097	0,095	0,098	0,093	0,094	0,094	0,097	0,094	0,097	0,105	0,093	0,100	0,095	0,093	0,094	0,092	0,095
4:00:19	37,0	0,098	0,093	0,093	0,094	0,094	0,094	0,094	0,093	0,095	0,093	0,094	0,093	0,095	0,096	0,096	0,094	0,097	0,094	0,094	0,096	0,096	0,094	0,092	0,092	0,096	0,092	0,287	0,292	0,292	0,279	0,251	0,188	0,290	0,284	0,092	0,092	0,095	0,097	0,282	0,291	0,280	0,278	0,271	0,168	0,297	0,292	0,094	0,092	0,094	0,095	0,285	0,290	0,292	0,274	0,272	0,190	0,267	0,293	0,097	0,092	0,098	0,094	0,294	0,276	0,299	0,280	0,281	0,188	0,289	0,300	0,092	0,092	0,094	0,093	0,094	0,094	0,093	0,097	0,102	0,097	0,095	0,098	0,093	0,094	0,093	0,097	0,094	0,097	0,105	0,093	0,101	0,095	0,093	0,093	0,092	0,095
4:10:19	37,0	0,098	0,093	0,093	0,094	0,093	0,094	0,094	0,093	0,095	0,093	0,094	0,093	0,095	0,095	0,096	0,093	0,097	0,094	0,094	0,095	0,096	0,094	0,092	0,092	0,096	0,093	0,299	0,302	0,302	0,291	0,268	0,195	0,301	0,296	0,092	0,092	0,094	0,097	0,295	0,301	0,293	0,290	0,283	0,176	0,308	0,303	0,094	0,092	0,094	0,094	0,298	0,302	0,301	0,287	0,286	0,201	0,277	0,305	0,097	0,092	0,098	0,094	0,306	0,289	0,308	0,292	0,293	0,197	0,301	0,312	0,092	0,092	0,093	0,093	0,093	0,095	0,093	0,097	0,101	0,097	0,094	0,098	0,093	0,094	0,093	0,096	0,094	0,097	0,105	0,093	0,100	0,095	0,093	0,093	0,092	0,095
4:20:19	37,0	0,098	0,093	0,093	0,094	0,093	0,094	0,094	0,093	0,095	0,093	0,094	0,093	0,095	0,095	0,096	0,094	0,097	0,093	0,094	0,095	0,095	0,094	0,092	0,092	0,096	0,093	0,309	0,313	0,312	0,303	0,282	0,204	0,310	0,306	0,092	0,092	0,094	0,097	0,306	0,312	0,304	0,301	0,296	0,184	0,318	0,314	0,094	0,092	0,094	0,095	0,308	0,314	0,313	0,299	0,300	0,210	0,287	0,315	0,096	0,092	0,099	0,094	0,317	0,300	0,320	0,305	0,303	0,205	0,311	0,321	0,092	0,092	0,093	0,093	0,094	0,095	0,092	0,097	0,101	0,097	0,095	0,098	0,093	0,094	0,093	0,097	0,094	0,097	0,105	0,092	0,101	0,096	0,093	0,093	0,092	0,096
4:30:19	37,0	0,098	0,093	0,093	0,094	0,094	0,094	0,094	0,093	0,095	0,093	0,094	0,093	0,095	0,095	0,096	0,094	0,097	0,094	0,094	0,096	0,096	0,094	0,092	0,092	0,096	0,093	0,319	0,321	0,323	0,313	0,295	0,210	0,319	0,316	0,092	0,092	0,094	0,097	0,318	0,323	0,314	0,311	0,308	0,194	0,328	0,324	0,094	0,093	0,094	0,094	0,318	0,323	0,323	0,307	0,312	0,218	0,297	0,325	0,097	0,092	0,098	0,094	0,329	0,310	0,330	0,316	0,313	0,213	0,322	0,331	0,092	0,092	0,094	0,094	0,094	0,096	0,093	0,097	0,101	0,097	0,095	0,098	0,093	0,094	0,093	0,096	0,094	0,097	0,105	0,093	0,101	0,096	0,093	0,093	0,092	0,096
4:40:19	37,0	0,098	0,093	0,093	0,094	0,094	0,094	0,094	0,093	0,095	0,093	0,094	0,093	0,095	0,095	0,096	0,094	0,097	0,094	0,095	0,096	0,096	0,094	0,092	0,092	0,096	0,093	0,331	0,333	0,334	0,324	0,308	0,216	0,330	0,325	0,092	0,092	0,095	0,097	0,327	0,334	0,324	0,322	0,318	0,202	0,339	0,335	0,094	0,093	0,094	0,094	0,329	0,335	0,334	0,317	0,323	0,224	0,307	0,336	0,097	0,092	0,099	0,094	0,340	0,321	0,340	0,326	0,324	0,219	0,332	0,340	0,092	0,092	0,094	0,095	0,094	0,097	0,093	0,097	0,102	0,097	0,095	0,098	0,093	0,094	0,094	0,097	0,094	0,097	0,105	0,093	0,101	0,096	0,093	0,094	0,092	0,095
4:50:19	37,0	0,098	0,093	0,093	0,093	0,094	0,094	0,094	0,093	0,095	0,093	0,094	0,093	0,095	0,095	0,096	0,093	0,097	0,093	0,094	0,095	0,096	0,094	0,092	0,092	0,096	0,093	0,341	0,343	0,343	0,332	0,319	0,220	0,340	0,334	0,092	0,092	0,094	0,097	0,337	0,344	0,334	0,331	0,328	0,210	0,348	0,344	0,094	0,093	0,094	0,094	0,340	0,344	0,343	0,327	0,332	0,229	0,316	0,346	0,097	0,092	0,098	0,094	0,349	0,331	0,351	0,337	0,335	0,224	0,342	0,351	0,092	0,092	0,093	0,095	0,094	0,097	0,092	0,097	0,102	0,097	0,094	0,098	0,093	0,094	0,093	0,096	0,094	0,097	0,105	0,092	0,100	0,096	0,093	0,093	0,092	0,099
5:00:19	37,0	0,098	0,093	0,093	0,093	0,093	0,094	0,094	0,093	0,095	0,093	0,094	0,093	0,095	0,095	0,096	0,094	0,096	0,093	0,094	0,095	0,096	0,094	0,092	0,092	0,096	0,093	0,351	0,352	0,353	0,342	0,329	0,223	0,349	0,343	0,092	0,092	0,094	0,097	0,348	0,354	0,344	0,342	0,339	0,217	0,358	0,353	0,094	0,093	0,094	0,095	0,352	0,354	0,354	0,337	0,343	0,231	0,327	0,354	0,096	0,092	0,098	0,094	0,361	0,342	0,362	0,346	0,346	0,228	0,353	0,360	0,092	0,092	0,093	0,096	0,093	0,098	0,093	0,097	0,101	0,097	0,095	0,098	0,093	0,094	0,093	0,097	0,094	0,097	0,105	0,093	0,100	0,095	0,093	0,094	0,092	0,096
5:10:19	37,0	0,098	0,093	0,093	0,094	0,094	0,094	0,094	0,093	0,095	0,093	0,094	0,093	0,095	0,095	0,096	0,094	0,097	0,093	0,094	0,096	0,096	0,094	0,092	0,092	0,096	0,093	0,359	0,360	0,362	0,351	0,339	0,226	0,357	0,351	0,092	0,092	0,094	0,097	0,357	0,363	0,353	0,350	0,348	0,223	0,368	0,362	0,094	0,093	0,094	0,094	0,360	0,363	0,364	0,347	0,352	0,233	0,335	0,362	0,097	0,092	0,098	0,094	0,369	0,351	0,372	0,355	0,355	0,231	0,362	0,368	0,092	0,092	0,093	0,097	0,094	0,099	0,093	0,097	0,102	0,097	0,094	0,098	0,093	0,094	0,094	0,097	0,094	0,098	0,105	0,092	0,101	0,095	0,093	0,094	0,092	0,096
5:20:19	37,0	0,098	0,093	0,093	0,093	0,094	0,094	0,094	0,093	0,095	0,093	0,094	0,093	0,095	0,095	0,096	0,094	0,097	0,094	0,094	0,095	0,096	0,094	0,092	0,092	0,096	0,093	0,368	0,371	0,373	0,361	0,349	0,228	0,366	0,359	0,092	0,092	0,094	0,097	0,366	0,373	0,364	0,361	0,358	0,227	0,378	0,371	0,094	0,093	0,094	0,095	0,368	0,373	0,373	0,356	0,361	0,235	0,344	0,371	0,097	0,092	0,098	0,094	0,377	0,361	0,378	0,365	0,365	0,233	0,370	0,377	0,092	0,092	0,093	0,099	0,094	0,101	0,093	0,097	0,101	0,097	0,095	0,098	0,093	0,094	0,094	0,096	0,094	0,098	0,105	0,093	0,101	0,096	0,093	0,094	0,092	0,096
5:30:19	37,0	0,098	0,093	0,093	0,094	0,094	0,094	0,094	0,093	0,095	0,093	0,094	0,093	0,095	0,095	0,096	0,093	0,096	0,093	0,094	0,095	0,096	0,094	0,092	0,092	0,096	0,093	0,375	0,376	0,379	0,369	0,359	0,230	0,373	0,366	0,092	0,092	0,094	0,097	0,373	0,378	0,372	0,369	0,367	0,231	0,385	0,379	0,094	0,093	0,094	0,094	0,376	0,381	0,378	0,363	0,371	0,237	0,354	0,380	0,097	0,092	0,098	0,094	0,383	0,370	0,384	0,374	0,373	0,236	0,378	0,385	0,092	0,092	0,093	0,102	0,093	0,102	0,093	0,097	0,102	0,097	0,094	0,098	0,093	0,094	0,093	0,096	0,094	0,099	0,105	0,093	0,101	0,095	0,093	0,093	0,092	0,095
5:40:19	37,0	0,098	0,093	0,093	0,094	0,093	0,094	0,094	0,093	0,095	0,093	0,094	0,093	0,095	0,095	0,096	0,094	0,096	0,094	0,094	0,095	0,096	0,094	0,092	0,092	0,096	0,092	0,381	0,381	0,383	0,376	0,367	0,232	0,379	0,373	0,092	0,092	0,094	0,097	0,379	0,383	0,378	0,375	0,376	0,234	0,393	0,386	0,094	0,092	0,094	0,094	0,381	0,387	0,384	0,369	0,379	0,239	0,362	0,386	0,097	0,092	0,098	0,094	0,389	0,376	0,390	0,383	0,379	0,238	0,382	0,389	0,092	0,092	0,093	0,105	0,093	0,105	0,092	0,097	0,101	0,097	0,094	0,098	0,093	0,094	0,093	0,097	0,094	0,099	0,105	0,092	0,101	0,095	0,093	0,093	0,092	0,104
5:50:19	37,0	0,098	0,093	0,093	0,094	0,094	0,094	0,094	0,093	0,095	0,093	0,094	0,093	0,095	0,095	0,096	0,094	0,097	0,094	0,094	0,096	0,096	0,094	0,092	0,092	0,096	0,093	0,385	0,385	0,388	0,383	0,376	0,234	0,384	0,379	0,092	0,093	0,095	0,097	0,384	0,388	0,383	0,380	0,383	0,237	0,398	0,391	0,094	0,093	0,094	0,094	0,386	0,393	0,390	0,376	0,388	0,240	0,368	0,392	0,097	0,092	0,099	0,094	0,393	0,383	0,395	0,389	0,385	0,241	0,389	0,396	0,092	0,092	0,094	0,110	0,094	0,107	0,093	0,097	0,102	0,097	0,095	0,098	0,093	0,094	0,094	0,097	0,095	0,101	0,105	0,093	0,101	0,096	0,093	0,094	0,093	0,096
6:00:19	37,0	0,098	0,093	0,093	0,093	0,094	0,094	0,094	0,093	0,095	0,093	0,094	0,093	0,095	0,095	0,096	0,094	0,097	0,094	0,095	0,096	0,096	0,094	0,092	0,092	0,096	0,093	0,390	0,391	0,394	0,389	0,385	0,235	0,390	0,383	0,092	0,093	0,094	0,097	0,390	0,394	0,389	0,387	0,390	0,239	0,402	0,397	0,094	0,092	0,094	0,095	0,391	0,399	0,396	0,381	0,396	0,241	0,373	0,397	0,097	0,092	0,098	0,094	0,398	0,388	0,402	0,395	0,391	0,242	0,394	0,400	0,092	0,092	0,093	0,115	0,094	0,109	0,093	0,097	0,102	0,097	0,095	0,098	0,093	0,094	0,094	0,097	0,094	0,102	0,105	0,093	0,101	0,095	0,093	0,094	0,092	0,095
6:10:19	37,0	0,098	0,093	0,093	0,094	0,094	0,094	0,094	0,093	0,095	0,093	0,094	0,093	0,095	0,095	0,096	0,094	0,097	0,094	0,094	0,095	0,096	0,094	0,092	0,092	0,096	0,093	0,396	0,396	0,399	0,394	0,392	0,237	0,394	0,388	0,092	0,092	0,094	0,097	0,395	0,399	0,394	0,392	0,395	0,240	0,409	0,401	0,094	0,093	0,094	0,094	0,396	0,403	0,400	0,386	0,401	0,242	0,379	0,401	0,097	0,092	0,098	0,094	0,403	0,393	0,406	0,401	0,397	0,244	0,400	0,407	0,092	0,092	0,093	0,122	0,094	0,111	0,093	0,097	0,102	0,097	0,095	0,098	0,093	0,094	0,094	0,097	0,095	0,105	0,105	0,092	0,101	0,096	0,093	0,094	0,093	0,095
6:20:19	36,9	0,098	0,093	0,093	0,093	0,093	0,094	0,094	0,093	0,095	0,093	0,094	0,093	0,095	0,095	0,096	0,093	0,096	0,093	0,095	0,095	0,096	0,094	0,092	0,092	0,096	0,092	0,399	0,399	0,404	0,399	0,398	0,239	0,399	0,393	0,092	0,092	0,094	0,097	0,398	0,403	0,400	0,398	0,401	0,242	0,414	0,406	0,093	0,093	0,094	0,094	0,399	0,408	0,404	0,392	0,406	0,244	0,385	0,408	0,096	0,092	0,098	0,094	0,407	0,397	0,409	0,406	0,402	0,246	0,404	0,412	0,092	0,092	0,093	0,130	0,093	0,113	0,092	0,096	0,101	0,097	0,094	0,098	0,093	0,094	0,093	0,096	0,095	0,107	0,105	0,092	0,101	0,095	0,093	0,093	0,092	0,101
6:30:19	37,0	0,098	0,093	0,093	0,094	0,094	0,094	0,094	0,093	0,095	0,093	0,094	0,093	0,095	0,095	0,096	0,094	0,097	0,094	0,094	0,095	0,096	0,094	0,092	0,092	0,096	0,093	0,404	0,404	0,407	0,404	0,403	0,243	0,404	0,398	0,092	0,093	0,094	0,097	0,405	0,408	0,404	0,402	0,404	0,244	0,418	0,412	0,094	0,093	0,094	0,095	0,407	0,413	0,409	0,397	0,412	0,247	0,391	0,412	0,097	0,092	0,099	0,094	0,415	0,404	0,415	0,412	0,408	0,248	0,408	0,417	0,092	0,092	0,093	0,140	0,094	0,115	0,093	0,097	0,102	0,097	0,095	0,098	0,093	0,094	0,094	0,097	0,095	0,112	0,105	0,093	0,102	0,096	0,093	0,094	0,092	0,095
6:40:19	37,0	0,098	0,093	0,093	0,094	0,094	0,094	0,094	0,093	0,095	0,093	0,094	0,093	0,095	0,095	0,096	0,094	0,096	0,093	0,094	0,095	0,096	0,094	0,092	0,092	0,096	0,093	0,411	0,410	0,412	0,409	0,408	0,244	0,407	0,404	0,092	0,092	0,094	0,097	0,409	0,414	0,409	0,407	0,411	0,245	0,422	0,417	0,093	0,093	0,094	0,095	0,412	0,418	0,415	0,403	0,417	0,248	0,398	0,417	0,097	0,092	0,099	0,094	0,419	0,408	0,421	0,416	0,413	0,251	0,414	0,423	0,092	0,092	0,093	0,152	0,094	0,117	0,093	0,097	0,102	0,097	0,095	0,098	0,093	0,094	0,094	0,097	0,095	0,117	0,105	0,093	0,102	0,096	0,093	0,094	0,093	0,095
6:50:19	37,0	0,098	0,093	0,093	0,094	0,094	0,094	0,094	0,093	0,095	0,093	0,094	0,093	0,096	0,095	0,096	0,094	0,096	0,093	0,094	0,095	0,096	0,094	0,092	0,092	0,096	0,093	0,413	0,413	0,417	0,415	0,412	0,246	0,413	0,408	0,092	0,092	0,094	0,097	0,413	0,417	0,413	0,412	0,415	0,247	0,427	0,423	0,094	0,093	0,094	0,094	0,415	0,424	0,421	0,406	0,420	0,249	0,403	0,422	0,097	0,092	0,099	0,094	0,422	0,412	0,425	0,420	0,416	0,253	0,418	0,427	0,092	0,092	0,093	0,165	0,094	0,119	0,093	0,097	0,102	0,097	0,094	0,098	0,093	0,094	0,094	0,097	0,095	0,123	0,105	0,092	0,102	0,096	0,093	0,094	0,092	0,102
7:00:19	37,0	0,098	0,093	0,093	0,094	0,094	0,094	0,094	0,093	0,095	0,093	0,094	0,093	0,096	0,096	0,096	0,094	0,097	0,094	0,094	0,096	0,096	0,094	0,092	0,092	0,096	0,093	0,422	0,420	0,422	0,418	0,418	0,248	0,417	0,414	0,092	0,093	0,094	0,097	0,419	0,422	0,419	0,417	0,420	0,249	0,432	0,426	0,094	0,093	0,094	0,095	0,420	0,426	0,424	0,411	0,427	0,252	0,409	0,428	0,097	0,092	0,099	0,094	0,429	0,417	0,430	0,427	0,423	0,254	0,424	0,434	0,092	0,092	0,094	0,178	0,094	0,122	0,093	0,097	0,102	0,097	0,094	0,098	0,093	0,094	0,094	0,097	0,096	0,131	0,105	0,093	0,102	0,096	0,093	0,094	0,092	0,095
7:10:19	37,0	0,098	0,093	0,093	0,094	0,094	0,094	0,094	0,093	0,095	0,094	0,094	0,094	0,097	0,095	0,096	0,094	0,097	0,094	0,094	0,096	0,096	0,094	0,092	0,092	0,096	0,093	0,425	0,423	0,427	0,423	0,424	0,250	0,421	0,416	0,092	0,093	0,094	0,097	0,424	0,426	0,423	0,421	0,424	0,253	0,436	0,433	0,094	0,093	0,094	0,095	0,423	0,430	0,427	0,416	0,430	0,253	0,413	0,433	0,097	0,092	0,099	0,094	0,431	0,422	0,433	0,430	0,427	0,257	0,427	0,438	0,092	0,092	0,093	0,192	0,094	0,124	0,093	0,097	0,102	0,097	0,095	0,098	0,093	0,094	0,094	0,097	0,097	0,141	0,105	0,093	0,102	0,095	0,093	0,094	0,092	0,095
7:20:19	37,0	0,098	0,093	0,093	0,094	0,093	0,094	0,094	0,093	0,095	0,093	0,094	0,093	0,097	0,095	0,096	0,094	0,097	0,093	0,094	0,095	0,096	0,094	0,092	0,092	0,096	0,093	0,431	0,430	0,432	0,427	0,430	0,251	0,425	0,422	0,092	0,092	0,094	0,097	0,430	0,433	0,427	0,427	0,430	0,254	0,440	0,437	0,094	0,093	0,094	0,094	0,431	0,438	0,434	0,421	0,436	0,254	0,419	0,437	0,097	0,092	0,098	0,094	0,438	0,428	0,440	0,436	0,432	0,258	0,432	0,442	0,092	0,092	0,093	0,207	0,093	0,125	0,093	0,097	0,101	0,097	0,095	0,098	0,093	0,094	0,093	0,097	0,097	0,151	0,105	0,093	0,103	0,096	0,093	0,093	0,092	0,095
7:30:19	37,0	0,098	0,093	0,093	0,093	0,093	0,094	0,094	0,093	0,095	0,093	0,094	0,093	0,098	0,095	0,096	0,093	0,096	0,093	0,094	0,095	0,096	0,094	0,092	0,092	0,096	0,092	0,433	0,433	0,437	0,433	0,433	0,253	0,430	0,425	0,092	0,092	0,094	0,097	0,433	0,436	0,430	0,431	0,434	0,256	0,445	0,442	0,093	0,093	0,094	0,095	0,434	0,441	0,439	0,425	0,439	0,255	0,424	0,443	0,097	0,092	0,098	0,094	0,442	0,431	0,444	0,440	0,435	0,260	0,437	0,448	0,092	0,092	0,093	0,224	0,093	0,127	0,092	0,097	0,101	0,097	0,094	0,098	0,092	0,094	0,093	0,097	0,097	0,165	0,105	0,092	0,104	0,095	0,093	0,094	0,092	0,096
7:40:19	37,0	0,098	0,093	0,093	0,094	0,094	0,094	0,094	0,093	0,095	0,093	0,094	0,093	0,100	0,095	0,096	0,094	0,096	0,094	0,094	0,096	0,096	0,094	0,092	0,092	0,096	0,093	0,438	0,437	0,442	0,437	0,439	0,254	0,435	0,431	0,092	0,092	0,094	0,097	0,438	0,441	0,438	0,436	0,440	0,258	0,450	0,447	0,094	0,093	0,094	0,094	0,440	0,446	0,444	0,430	0,444	0,257	0,429	0,448	0,097	0,092	0,099	0,094	0,446	0,438	0,447	0,446	0,442	0,262	0,442	0,453	0,092	0,092	0,093	0,241	0,094	0,130	0,093	0,097	0,102	0,097	0,095	0,098	0,093	0,094	0,094	0,097	0,098	0,177	0,105	0,093	0,104	0,096	0,093	0,093	0,092	0,095
7:50:19	37,0	0,098	0,093	0,093	0,094	0,093	0,094	0,094	0,093	0,095	0,093	0,094	0,093	0,102	0,095	0,096	0,094	0,097	0,093	0,094	0,096	0,096	0,094	0,092	0,092	0,096	0,092	0,444	0,442	0,444	0,441	0,443	0,256	0,439	0,437	0,092	0,092	0,094	0,097	0,441	0,444	0,441	0,440	0,442	0,259	0,453	0,450	0,094	0,093	0,094	0,094	0,442	0,449	0,447	0,434	0,449	0,259	0,434	0,452	0,097	0,092	0,098	0,095	0,452	0,441	0,452	0,450	0,448	0,263	0,447	0,459	0,092	0,092	0,093	0,256	0,094	0,130	0,093	0,097	0,102	0,097	0,095	0,098	0,093	0,094	0,093	0,097	0,099	0,193	0,105	0,092	0,105	0,095	0,093	0,093	0,093	0,095
8:00:19	37,0	0,098	0,093	0,093	0,094	0,094	0,094	0,094	0,093	0,095	0,093	0,094	0,094	0,104	0,096	0,096	0,094	0,096	0,094	0,094	0,096	0,096	0,094	0,092	0,092	0,096	0,093	0,449	0,448	0,452	0,446	0,448	0,258	0,442	0,443	0,092	0,093	0,094	0,097	0,449	0,451	0,448	0,446	0,450	0,262	0,459	0,457	0,094	0,093	0,094	0,095	0,448	0,456	0,453	0,440	0,453	0,262	0,440	0,457	0,098	0,092	0,099	0,094	0,456	0,446	0,460	0,455	0,452	0,265	0,452	0,464	0,092	0,093	0,094	0,270	0,094	0,134	0,093	0,097	0,102	0,097	0,095	0,098	0,093	0,094	0,094	0,097	0,101	0,209	0,105	0,093	0,106	0,096	0,094	0,094	0,093	0,098
8:10:19	37,0	0,098	0,093	0,093	0,094	0,094	0,094	0,094	0,093	0,095	0,094	0,094	0,093	0,107	0,095	0,096	0,093	0,096	0,093	0,094	0,096	0,096	0,094	0,092	0,092	0,096	0,093	0,453	0,452	0,455	0,449	0,454	0,259	0,447	0,446	0,092	0,092	0,094	0,097	0,453	0,455	0,451	0,451	0,454	0,264	0,463	0,461	0,094	0,093	0,094	0,094	0,453	0,460	0,458	0,446	0,457	0,263	0,444	0,462	0,098	0,092	0,099	0,094	0,461	0,450	0,463	0,460	0,456	0,267	0,456	0,467	0,092	0,092	0,093	0,283	0,094	0,135	0,093	0,097	0,102	0,097	0,094	0,098	0,093	0,094	0,094	0,097	0,103	0,226	0,105	0,093	0,107	0,096	0,093	0,093	0,093	0,095
8:20:19	37,0	0,098	0,093	0,093	0,094	0,094	0,094	0,094	0,093	0,095	0,093	0,094	0,093	0,111	0,095	0,096	0,094	0,097	0,094	0,094	0,096	0,096	0,094	0,092	0,092	0,096	0,093	0,457	0,457	0,460	0,455	0,458	0,261	0,451	0,451	0,092	0,092	0,094	0,097	0,457	0,460	0,456	0,455	0,460	0,265	0,468	0,468	0,094	0,093	0,094	0,095	0,457	0,465	0,463	0,450	0,462	0,264	0,450	0,466	0,098	0,092	0,098	0,094	0,465	0,456	0,468	0,465	0,463	0,269	0,461	0,472	0,092	0,092	0,093	0,293	0,094	0,137	0,093	0,097	0,102	0,097	0,095	0,098	0,093	0,094	0,093	0,097	0,104	0,243	0,105	0,093	0,108	0,096	0,093	0,093	0,093	0,098
8:30:19	37,0	0,098	0,093	0,093	0,094	0,094	0,094	0,094	0,093	0,095	0,093	0,094	0,093	0,116	0,095	0,096	0,094	0,097	0,093	0,094	0,095	0,096	0,094	0,092	0,092	0,096	0,093	0,462	0,463	0,466	0,460	0,462	0,262	0,455	0,458	0,092	0,092	0,094	0,097	0,462	0,464	0,463	0,460	0,463	0,267	0,472	0,472	0,094	0,093	0,094	0,095	0,463	0,469	0,469	0,456	0,467	0,266	0,456	0,471	0,098	0,092	0,099	0,094	0,471	0,460	0,473	0,470	0,468	0,270	0,465	0,477	0,092	0,092	0,093	0,303	0,094	0,138	0,093	0,097	0,102	0,097	0,095	0,098	0,093	0,094	0,093	0,097	0,106	0,260	0,105	0,093	0,109	0,096	0,093	0,094	0,093	0,096
8:40:19	37,0	0,098	0,093	0,093	0,094	0,094	0,094	0,094	0,093	0,095	0,093	0,094	0,093	0,122	0,095	0,096	0,094	0,097	0,093	0,094	0,096	0,096	0,094	0,092	0,092	0,096	0,093	0,467	0,466	0,470	0,465	0,468	0,264	0,459	0,463	0,092	0,092	0,094	0,097	0,466	0,469	0,465	0,465	0,469	0,269	0,477	0,477	0,094	0,093	0,094	0,094	0,466	0,473	0,473	0,458	0,471	0,268	0,461	0,476	0,099	0,092	0,099	0,094	0,474	0,465	0,479	0,474	0,472	0,272	0,471	0,483	0,092	0,092	0,093	0,312	0,094	0,140	0,093	0,097	0,102	0,097	0,095	0,098	0,093	0,094	0,094	0,097	0,108	0,274	0,105	0,092	0,111	0,096	0,094	0,094	0,093	0,095
8:50:19	37,0	0,098	0,093	0,093	0,094	0,094	0,094	0,094	0,093	0,095	0,093	0,094	0,093	0,129	0,095	0,096	0,094	0,097	0,093	0,094	0,096	0,096	0,094	0,092	0,092	0,096	0,093	0,473	0,473	0,474	0,468	0,473	0,265	0,464	0,467	0,092	0,093	0,094	0,097	0,471	0,473	0,470	0,469	0,473	0,270	0,481	0,482	0,094	0,093	0,094	0,094	0,471	0,478	0,476	0,467	0,475	0,270	0,467	0,481	0,099	0,092	0,099	0,094	0,481	0,470	0,484	0,479	0,477	0,273	0,475	0,488	0,092	0,092	0,093	0,322	0,094	0,142	0,093	0,097	0,102	0,097	0,095	0,098	0,093	0,094	0,094	0,097	0,110	0,287	0,105	0,093	0,112	0,096	0,094	0,094	0,093	0,097
9:00:19	37,0	0,097	0,093	0,093	0,094	0,094	0,094	0,094	0,093	0,095	0,093	0,094	0,093	0,138	0,095	0,097	0,094	0,097	0,094	0,094	0,096	0,096	0,094	0,092	0,092	0,096	0,093	0,478	0,476	0,479	0,472	0,476	0,267	0,469	0,472	0,092	0,092	0,094	0,097	0,475	0,477	0,475	0,474	0,477	0,271	0,485	0,487	0,093	0,093	0,094	0,094	0,476	0,483	0,482	0,470	0,479	0,271	0,472	0,488	0,100	0,092	0,099	0,094	0,485	0,476	0,489	0,485	0,483	0,274	0,482	0,494	0,092	0,092	0,093	0,330	0,094	0,144	0,093	0,097	0,102	0,097	0,095	0,098	0,093	0,094	0,094	0,097	0,112	0,298	0,105	0,093	0,113	0,096	0,094	0,093	0,093	0,095
9:10:19	37,0	0,097	0,093	0,093	0,094	0,093	0,093	0,094	0,093	0,095	0,093	0,094	0,093	0,148	0,095	0,096	0,093	0,097	0,093	0,094	0,096	0,096	0,093	0,092	0,092	0,095	0,093	0,483	0,481	0,485	0,478	0,483	0,267	0,473	0,478	0,092	0,092	0,094	0,097	0,480	0,484	0,481	0,480	0,484	0,274	0,489	0,492	0,093	0,093	0,094	0,094	0,481	0,489	0,488	0,477	0,485	0,272	0,477	0,491	0,100	0,092	0,098	0,095	0,489	0,480	0,493	0,489	0,487	0,276	0,484	0,499	0,092	0,092	0,093	0,341	0,093	0,145	0,092	0,097	0,101	0,097	0,095	0,098	0,093	0,094	0,093	0,097	0,113	0,308	0,106	0,092	0,115	0,096	0,093	0,094	0,093	0,097
9:20:19	37,0	0,097	0,093	0,093	0,094	0,094	0,094	0,094	0,093	0,095	0,093	0,093	0,093	0,157	0,095	0,096	0,094	0,097	0,094	0,095	0,096	0,096	0,094	0,092	0,092	0,095	0,093	0,487	0,487	0,489	0,483	0,486	0,269	0,477	0,483	0,092	0,092	0,094	0,097	0,485	0,488	0,486	0,485	0,489	0,275	0,492	0,499	0,093	0,093	0,094	0,094	0,485	0,495	0,494	0,481	0,490	0,274	0,482	0,498	0,101	0,092	0,098	0,095	0,495	0,485	0,498	0,495	0,492	0,277	0,490	0,503	0,092	0,092	0,094	0,347	0,093	0,146	0,093	0,097	0,102	0,097	0,095	0,098	0,093	0,094	0,093	0,097	0,115	0,318	0,106	0,093	0,116	0,095	0,093	0,094	0,092	0,097
9:30:19	37,0	0,097	0,093	0,093	0,094	0,094	0,094	0,094	0,093	0,095	0,093	0,093	0,093	0,166	0,095	0,096	0,093	0,096	0,093	0,094	0,096	0,096	0,094	0,092	0,092	0,095	0,093	0,492	0,491	0,493	0,486	0,491	0,270	0,482	0,487	0,092	0,093	0,094	0,097	0,490	0,493	0,490	0,490	0,492	0,276	0,497	0,503	0,094	0,093	0,094	0,094	0,492	0,500	0,498	0,486	0,494	0,275	0,486	0,504	0,102	0,092	0,098	0,095	0,500	0,492	0,504	0,499	0,497	0,278	0,494	0,510	0,092	0,092	0,094	0,358	0,093	0,147	0,093	0,097	0,102	0,097	0,095	0,098	0,093	0,095	0,093	0,097	0,117	0,329	0,106	0,093	0,117	0,095	0,093	0,094	0,093	0,105
9:40:19	37,0	0,097	0,093	0,093	0,094	0,094	0,094	0,094	0,093	0,095	0,093	0,094	0,093	0,174	0,095	0,096	0,094	0,097	0,093	0,094	0,096	0,096	0,094	0,092	0,092	0,096	0,093	0,499	0,500	0,500	0,492	0,497	0,272	0,487	0,493	0,092	0,092	0,094	0,097	0,497	0,499	0,495	0,494	0,499	0,278	0,502	0,509	0,094	0,093	0,094	0,095	0,496	0,505	0,503	0,490	0,498	0,277	0,492	0,507	0,103	0,092	0,099	0,095	0,507	0,496	0,509	0,506	0,504	0,280	0,499	0,514	0,092	0,092	0,094	0,363	0,094	0,149	0,093	0,097	0,102	0,097	0,095	0,098	0,093	0,094	0,093	0,097	0,120	0,338	0,106	0,093	0,120	0,096	0,094	0,094	0,093	0,097
9:50:19	37,0	0,098	0,093	0,093	0,094	0,094	0,094	0,094	0,093	0,095	0,093	0,093	0,093	0,182	0,095	0,096	0,094	0,097	0,094	0,094	0,096	0,096	0,093	0,092	0,092	0,096	0,092	0,504	0,502	0,505	0,497	0,502	0,273	0,490	0,497	0,092	0,093	0,094	0,097	0,501	0,504	0,499	0,500	0,503	0,279	0,507	0,514	0,094	0,093	0,094	0,094	0,502	0,510	0,508	0,497	0,503	0,277	0,497	0,513	0,103	0,092	0,099	0,095	0,512	0,502	0,515	0,510	0,509	0,280	0,505	0,521	0,092	0,092	0,094	0,370	0,094	0,151	0,093	0,097	0,102	0,097	0,095	0,098	0,093	0,094	0,093	0,097	0,122	0,346	0,106	0,093	0,121	0,096	0,093	0,094	0,092	0,100
10:00:19	37,0	0,098	0,093	0,093	0,094	0,094	0,094	0,095	0,093	0,096	0,093	0,094	0,093	0,190	0,095	0,096	0,094	0,097	0,094	0,094	0,096	0,096	0,094	0,092	0,092	0,096	0,093	0,508	0,507	0,510	0,502	0,506	0,274	0,495	0,504	0,092	0,093	0,094	0,097	0,506	0,510	0,505	0,504	0,509	0,281	0,511	0,518	0,094	0,093	0,094	0,094	0,506	0,515	0,514	0,503	0,508	0,279	0,502	0,518	0,104	0,092	0,099	0,095	0,515	0,505	0,518	0,515	0,513	0,282	0,509	0,525	0,092	0,093	0,094	0,375	0,094	0,152	0,093	0,097	0,102	0,097	0,095	0,099	0,093	0,094	0,093	0,097	0,124	0,356	0,106	0,093	0,122	0,096	0,094	0,094	0,093	0,106
10:10:19	37,0	0,098	0,093	0,093	0,094	0,094	0,094	0,094	0,093	0,095	0,093	0,094	0,093	0,197	0,095	0,096	0,094	0,097	0,094	0,094	0,096	0,096	0,094	0,092	0,092	0,096	0,093	0,512	0,513	0,516	0,506	0,511	0,275	0,499	0,508	0,092	0,092	0,094	0,097	0,512	0,515	0,511	0,509	0,513	0,282	0,517	0,524	0,094	0,093	0,094	0,095	0,512	0,520	0,517	0,507	0,512	0,280	0,507	0,523	0,105	0,092	0,099	0,095	0,519	0,509	0,522	0,519	0,518	0,283	0,514	0,530	0,092	0,092	0,094	0,380	0,094	0,153	0,093	0,097	0,102	0,097	0,095	0,098	0,093	0,094	0,093	0,097	0,126	0,364	0,106	0,093	0,124	0,096	0,093	0,094	0,093	0,100
10:20:19	37,0	0,098	0,093	0,093	0,094	0,094	0,094	0,094	0,093	0,095	0,094	0,093	0,093	0,205	0,095	0,096	0,094	0,097	0,094	0,094	0,096	0,096	0,094	0,092	0,092	0,096	0,093	0,516	0,515	0,521	0,511	0,515	0,277	0,505	0,512	0,092	0,093	0,094	0,097	0,514	0,518	0,514	0,514	0,518	0,283	0,520	0,529	0,094	0,093	0,094	0,094	0,515	0,523	0,522	0,510	0,518	0,281	0,512	0,527	0,106	0,092	0,099	0,095	0,521	0,516	0,527	0,523	0,522	0,284	0,520	0,535	0,092	0,093	0,094	0,384	0,094	0,154	0,093	0,097	0,102	0,097	0,095	0,098	0,093	0,094	0,093	0,097	0,129	0,373	0,106	0,093	0,126	0,096	0,094	0,094	0,093	0,101
10:30:19	37,0	0,097	0,093	0,093	0,093	0,094	0,094	0,094	0,093	0,095	0,093	0,093	0,093	0,211	0,095	0,096	0,094	0,096	0,094	0,094	0,096	0,096	0,094	0,092	0,092	0,096	0,093	0,520	0,519	0,523	0,514	0,521	0,278	0,507	0,518	0,092	0,093	0,094	0,097	0,520	0,522	0,518	0,518	0,524	0,284	0,524	0,535	0,094	0,093	0,094	0,095	0,521	0,527	0,526	0,516	0,521	0,282	0,516	0,532	0,107	0,092	0,098	0,095	0,528	0,519	0,533	0,528	0,527	0,285	0,523	0,540	0,092	0,092	0,094	0,389	0,094	0,155	0,093	0,097	0,102	0,097	0,095	0,098	0,093	0,095	0,093	0,097	0,132	0,379	0,106	0,093	0,127	0,096	0,093	0,094	0,093	0,104
10:40:19	37,0	0,097	0,093	0,093	0,094	0,093	0,093	0,094	0,093	0,095	0,093	0,093	0,093	0,216	0,095	0,096	0,094	0,097	0,093	0,094	0,096	0,096	0,093	0,092	0,092	0,095	0,092	0,523	0,522	0,527	0,519	0,525	0,278	0,511	0,521	0,092	0,092	0,094	0,097	0,524	0,526	0,523	0,523	0,528	0,285	0,528	0,538	0,094	0,093	0,094	0,094	0,525	0,533	0,531	0,521	0,527	0,283	0,521	0,537	0,107	0,092	0,098	0,095	0,532	0,523	0,537	0,533	0,530	0,285	0,528	0,544	0,092	0,092	0,093	0,393	0,094	0,156	0,093	0,097	0,102	0,097	0,094	0,098	0,093	0,094	0,093	0,097	0,134	0,384	0,106	0,092	0,129	0,096	0,093	0,094	0,093	0,100
10:50:19	37,0	0,097	0,093	0,093	0,094	0,094	0,094	0,094	0,093	0,095	0,093	0,094	0,093	0,219	0,095	0,096	0,093	0,097	0,094	0,095	0,096	0,096	0,094	0,092	0,092	0,096	0,093	0,528	0,527	0,532	0,524	0,528	0,280	0,516	0,526	0,092	0,092	0,094	0,097	0,529	0,529	0,527	0,526	0,533	0,287	0,532	0,544	0,093	0,093	0,094	0,094	0,531	0,538	0,535	0,526	0,531	0,284	0,525	0,543	0,109	0,092	0,099	0,095	0,535	0,530	0,541	0,539	0,536	0,287	0,533	0,549	0,092	0,092	0,094	0,397	0,094	0,156	0,093	0,097	0,102	0,097	0,095	0,098	0,093	0,094	0,093	0,097	0,136	0,389	0,106	0,093	0,131	0,096	0,093	0,094	0,093	0,102
11:00:19	37,0	0,098	0,093	0,093	0,094	0,094	0,094	0,094	0,093	0,095	0,093	0,094	0,093	0,224	0,095	0,096	0,094	0,097	0,094	0,094	0,096	0,096	0,094	0,092	0,092	0,096	0,093	0,533	0,532	0,535	0,528	0,535	0,281	0,521	0,531	0,092	0,093	0,094	0,097	0,533	0,533	0,533	0,530	0,538	0,288	0,537	0,550	0,096	0,093	0,094	0,095	0,534	0,541	0,540	0,531	0,535	0,285	0,530	0,548	0,109	0,092	0,099	0,095	0,540	0,532	0,546	0,543	0,540	0,288	0,535	0,554	0,092	0,092	0,094	0,401	0,094	0,158	0,093	0,097	0,102	0,097	0,095	0,098	0,093	0,095	0,093	0,097	0,138	0,395	0,106	0,093	0,132	0,096	0,094	0,094	0,093	0,102
11:10:19	37,0	0,098	0,093	0,093	0,094	0,094	0,094	0,094	0,093	0,095	0,094	0,094	0,093	0,226	0,095	0,096	0,093	0,097	0,094	0,094	0,096	0,096	0,094	0,092	0,092	0,096	0,093	0,537	0,537	0,542	0,533	0,540	0,282	0,525	0,539	0,092	0,093	0,094	0,097	0,537	0,539	0,537	0,536	0,542	0,289	0,542	0,555	0,096	0,093	0,094	0,095	0,538	0,548	0,545	0,534	0,541	0,286	0,533	0,553	0,110	0,092	0,099	0,095	0,545	0,539	0,552	0,550	0,546	0,289	0,541	0,560	0,092	0,092	0,094	0,406	0,094	0,159	0,093	0,097	0,102	0,097	0,095	0,099	0,093	0,094	0,094	0,097	0,140	0,397	0,106	0,093	0,133	0,096	0,094	0,094	0,093	0,095
11:20:19	37,0	0,097	0,093	0,093	0,094	0,094	0,094	0,094	0,093	0,095	0,093	0,094	0,093	0,228	0,095	0,096	0,094	0,097	0,094	0,095	0,096	0,096	0,094	0,092	0,092	0,096	0,093	0,543	0,543	0,546	0,538	0,545	0,283	0,529	0,544	0,092	0,093	0,094	0,097	0,543	0,545	0,541	0,541	0,547	0,289	0,547	0,561	0,096	0,093	0,094	0,094	0,543	0,551	0,549	0,539	0,546	0,287	0,539	0,558	0,111	0,092	0,099	0,095	0,551	0,544	0,555	0,553	0,549	0,290	0,546	0,565	0,092	0,092	0,093	0,411	0,094	0,160	0,093	0,097	0,102	0,097	0,095	0,098	0,093	0,094	0,093	0,097	0,143	0,403	0,106	0,093	0,135	0,096	0,094	0,094	0,093	0,102
11:30:19	37,0	0,097	0,093	0,093	0,094	0,094	0,094	0,095	0,093	0,095	0,094	0,094	0,094	0,230	0,095	0,096	0,094	0,097	0,094	0,095	0,096	0,096	0,094	0,092	0,092	0,096	0,093	0,550	0,550	0,553	0,544	0,549	0,284	0,535	0,553	0,092	0,093	0,094	0,097	0,550	0,551	0,548	0,546	0,553	0,291	0,552	0,568	0,100	0,093	0,094	0,095	0,550	0,556	0,554	0,545	0,550	0,287	0,544	0,563	0,113	0,092	0,099	0,095	0,557	0,548	0,559	0,558	0,557	0,291	0,551	0,571	0,092	0,093	0,094	0,416	0,094	0,162	0,093	0,097	0,102	0,097	0,095	0,098	0,093	0,095	0,093	0,097	0,145	0,405	0,106	0,093	0,137	0,096	0,094	0,094	0,093	0,095
11:40:19	37,0	0,097	0,093	0,093	0,094	0,094	0,094	0,094	0,093	0,095	0,093	0,093	0,093	0,231	0,095	0,096	0,094	0,097	0,094	0,094	0,096	0,096	0,094	0,092	0,092	0,095	0,093	0,554	0,553	0,556	0,547	0,554	0,285	0,539	0,557	0,092	0,093	0,094	0,097	0,553	0,556	0,550	0,550	0,555	0,291	0,555	0,572	0,099	0,093	0,094	0,094	0,554	0,561	0,558	0,549	0,555	0,288	0,547	0,569	0,113	0,092	0,099	0,095	0,561	0,553	0,564	0,563	0,560	0,292	0,554	0,576	0,092	0,092	0,094	0,421	0,094	0,161	0,093	0,097	0,102	0,097	0,095	0,098	0,093	0,094	0,093	0,097	0,147	0,412	0,106	0,093	0,138	0,096	0,093	0,094	0,093	0,102
11:50:19	37,0	0,097	0,093	0,093	0,094	0,094	0,094	0,094	0,093	0,096	0,093	0,094	0,094	0,232	0,095	0,097	0,094	0,097	0,094	0,094	0,096	0,096	0,094	0,092	0,092	0,096	0,093	0,558	0,557	0,561	0,553	0,560	0,286	0,543	0,563	0,092	0,093	0,094	0,097	0,559	0,559	0,556	0,554	0,561	0,292	0,558	0,578	0,102	0,093	0,094	0,095	0,559	0,566	0,564	0,553	0,561	0,290	0,551	0,574	0,114	0,092	0,098	0,095	0,565	0,559	0,570	0,568	0,566	0,293	0,559	0,581	0,093	0,093	0,094	0,425	0,094	0,162	0,093	0,097	0,102	0,097	0,095	0,098	0,093	0,095	0,093	0,097	0,149	0,414	0,106	0,093	0,139	0,096	0,094	0,094	0,093	0,095
12:00:19	37,0	0,097	0,093	0,093	0,094	0,094	0,094	0,094	0,093	0,095	0,093	0,093	0,093	0,234	0,095	0,096	0,093	0,096	0,093	0,094	0,096	0,096	0,094	0,092	0,092	0,095	0,093	0,563	0,560	0,563	0,557	0,563	0,287	0,546	0,569	0,092	0,092	0,094	0,097	0,561	0,562	0,559	0,558	0,565	0,293	0,564	0,585	0,104	0,093	0,094	0,094	0,561	0,569	0,566	0,558	0,565	0,290	0,556	0,579	0,115	0,092	0,098	0,094	0,570	0,561	0,573	0,572	0,572	0,294	0,564	0,588	0,092	0,092	0,093	0,429	0,094	0,162	0,093	0,097	0,102	0,097	0,095	0,098	0,093	0,094	0,093	0,097	0,150	0,419	0,106	0,092	0,140	0,096	0,093	0,094	0,092	0,095
12:10:19	37,0	0,098	0,093	0,093	0,094	0,094	0,094	0,094	0,093	0,095	0,093	0,093	0,093	0,235	0,095	0,096	0,094	0,097	0,094	0,094	0,096	0,096	0,094	0,092	0,092	0,096	0,093	0,567	0,566	0,569	0,562	0,570	0,288	0,550	0,575	0,092	0,093	0,094	0,097	0,567	0,567	0,563	0,563	0,571	0,294	0,568	0,592	0,109	0,093	0,094	0,095	0,566	0,574	0,572	0,562	0,570	0,291	0,561	0,586	0,117	0,092	0,098	0,095	0,575	0,566	0,578	0,578	0,577	0,295	0,569	0,594	0,092	0,092	0,094	0,434	0,094	0,163	0,093	0,097	0,102	0,097	0,095	0,098	0,093	0,094	0,093	0,097	0,152	0,424	0,106	0,093	0,142	0,096	0,094	0,094	0,093	0,095
12:20:19	37,0	0,097	0,093	0,093	0,094	0,094	0,094	0,094	0,093	0,095	0,094	0,093	0,093	0,237	0,095	0,097	0,094	0,097	0,094	0,095	0,096	0,096	0,094	0,092	0,092	0,095	0,093	0,572	0,571	0,573	0,567	0,572	0,289	0,553	0,582	0,092	0,093	0,094	0,097	0,573	0,572	0,567	0,569	0,575	0,294	0,573	0,596	0,103	0,093	0,094	0,095	0,571	0,579	0,577	0,567	0,574	0,292	0,565	0,591	0,118	0,092	0,099	0,095	0,583	0,572	0,585	0,582	0,582	0,296	0,574	0,598	0,092	0,093	0,094	0,439	0,094	0,164	0,093	0,097	0,102	0,097	0,095	0,098	0,093	0,094	0,093	0,097	0,154	0,430	0,106	0,093	0,144	0,096	0,093	0,094	0,093	0,097
12:30:19	37,0	0,097	0,093	0,093	0,093	0,094	0,094	0,094	0,093	0,095	0,093	0,093	0,093	0,240	0,095	0,096	0,094	0,097	0,093	0,094	0,096	0,096	0,094	0,092	0,092	0,095	0,093	0,576	0,575	0,578	0,571	0,578	0,290	0,559	0,585	0,092	0,092	0,094	0,097	0,575	0,576	0,573	0,573	0,581	0,296	0,576	0,602	0,113	0,093	0,094	0,095	0,577	0,584	0,581	0,572	0,578	0,292	0,569	0,596	0,119	0,092	0,098	0,095	0,586	0,576	0,589	0,587	0,585	0,297	0,577	0,603	0,092	0,093	0,094	0,443	0,094	0,165	0,093	0,097	0,102	0,097	0,095	0,098	0,093	0,094	0,093	0,097	0,156	0,433	0,106	0,093	0,145	0,096	0,094	0,094	0,092	0,096
12:40:19	37,0	0,098	0,093	0,093	0,094	0,094	0,094	0,094	0,093	0,095	0,094	0,093	0,093	0,240	0,095	0,096	0,094	0,097	0,094	0,095	0,096	0,096	0,094	0,092	0,092	0,095	0,093	0,581	0,579	0,582	0,573	0,581	0,291	0,565	0,594	0,092	0,093	0,094	0,097	0,582	0,580	0,577	0,577	0,584	0,296	0,581	0,607	0,109	0,093	0,094	0,095	0,582	0,587	0,585	0,574	0,584	0,293	0,573	0,603	0,120	0,092	0,099	0,095	0,590	0,580	0,593	0,590	0,591	0,298	0,583	0,609	0,092	0,092	0,094	0,450	0,094	0,165	0,093	0,097	0,102	0,097	0,095	0,098	0,093	0,094	0,093	0,097	0,156	0,437	0,106	0,093	0,147	0,096	0,094	0,094	0,093	0,096
12:50:19	37,0	0,097	0,093	0,093	0,093	0,094	0,094	0,094	0,093	0,095	0,093	0,093	0,093	0,240	0,095	0,096	0,094	0,096	0,093	0,094	0,096	0,096	0,093	0,092	0,092	0,095	0,092	0,584	0,585	0,589	0,579	0,588	0,293	0,568	0,600	0,092	0,093	0,094	0,097	0,586	0,588	0,582	0,582	0,590	0,297	0,585	0,613	0,107	0,093	0,094	0,094	0,585	0,592	0,590	0,577	0,587	0,294	0,576	0,608	0,122	0,092	0,098	0,095	0,592	0,583	0,597	0,594	0,593	0,298	0,586	0,615	0,092	0,092	0,093	0,454	0,094	0,166	0,093	0,097	0,102	0,097	0,094	0,098	0,093	0,094	0,093	0,097	0,158	0,444	0,106	0,093	0,148	0,096	0,093	0,093	0,092	0,102
13:00:19	37,0	0,097	0,093	0,093	0,093	0,093	0,094	0,094	0,093	0,095	0,093	0,093	0,093	0,240	0,095	0,096	0,094	0,096	0,093	0,094	0,096	0,096	0,093	0,092	0,092	0,095	0,092	0,586	0,589	0,592	0,584	0,591	0,294	0,572	0,605	0,092	0,092	0,094	0,097	0,589	0,590	0,585	0,585	0,593	0,298	0,589	0,620	0,116	0,093	0,094	0,094	0,589	0,597	0,593	0,580	0,592	0,295	0,580	0,614	0,123	0,092	0,098	0,095	0,595	0,586	0,598	0,598	0,598	0,299	0,590	0,620	0,092	0,092	0,094	0,459	0,093	0,166	0,093	0,097	0,102	0,097	0,095	0,098	0,093	0,094	0,093	0,097	0,160	0,448	0,106	0,093	0,149	0,096	0,093	0,094	0,093	0,096
13:10:19	37,0	0,097	0,093	0,093	0,094	0,094	0,094	0,094	0,093	0,095	0,093	0,093	0,093	0,241	0,095	0,096	0,094	0,097	0,093	0,094	0,096	0,096	0,094	0,092	0,092	0,095	0,093	0,592	0,593	0,596	0,589	0,597	0,295	0,576	0,612	0,092	0,093	0,094	0,097	0,593	0,593	0,590	0,587	0,598	0,299	0,593	0,626	0,117	0,092	0,094	0,095	0,594	0,600	0,597	0,583	0,597	0,296	0,583	0,619	0,124	0,092	0,098	0,095	0,600	0,591	0,602	0,601	0,601	0,300	0,593	0,626	0,092	0,092	0,094	0,465	0,094	0,166	0,093	0,097	0,102	0,097	0,095	0,098	0,093	0,094	0,093	0,097	0,161	0,452	0,106	0,093	0,151	0,096	0,093	0,094	0,093	0,102
13:20:19	37,0	0,098	0,093	0,093	0,094	0,094	0,094	0,094	0,093	0,096	0,094	0,094	0,093	0,244	0,095	0,096	0,094	0,097	0,094	0,095	0,096	0,096	0,094	0,093	0,092	0,096	0,093	0,595	0,596	0,598	0,593	0,600	0,297	0,581	0,619	0,092	0,093	0,094	0,097	0,599	0,599	0,594	0,592	0,602	0,300	0,599	0,632	0,138	0,093	0,095	0,095	0,601	0,606	0,603	0,588	0,603	0,297	0,587	0,626	0,126	0,092	0,099	0,095	0,605	0,597	0,610	0,606	0,606	0,302	0,597	0,632	0,092	0,093	0,094	0,472	0,094	0,167	0,093	0,097	0,102	0,097	0,095	0,098	0,093	0,094	0,093	0,097	0,162	0,458	0,106	0,093	0,153	0,096	0,094	0,094	0,093	0,095
13:30:19	37,0	0,098	0,093	0,094	0,094	0,094	0,094	0,095	0,093	0,095	0,094	0,094	0,094	0,246	0,095	0,097	0,094	0,097	0,094	0,094	0,096	0,096	0,094	0,093	0,092	0,096	0,093	0,600	0,599	0,603	0,596	0,605	0,298	0,585	0,625	0,092	0,093	0,094	0,097	0,605	0,601	0,600	0,595	0,605	0,301	0,603	0,639	0,142	0,093	0,095	0,095	0,604	0,610	0,607	0,593	0,606	0,298	0,591	0,632	0,128	0,093	0,099	0,095	0,609	0,601	0,612	0,608	0,611	0,303	0,602	0,638	0,092	0,093	0,094	0,477	0,094	0,168	0,093	0,097	0,102	0,097	0,095	0,099	0,093	0,095	0,093	0,097	0,163	0,463	0,106	0,093	0,155	0,096	0,094	0,094	0,093	0,100
13:40:19	37,0	0,098	0,093	0,093	0,094	0,094	0,094	0,094	0,093	0,095	0,093	0,093	0,093	0,248	0,095	0,096	0,094	0,097	0,094	0,095	0,096	0,096	0,094	0,093	0,092	0,095	0,093	0,605	0,605	0,607	0,601	0,611	0,300	0,588	0,630	0,092	0,093	0,094	0,097	0,607	0,607	0,602	0,599	0,610	0,302	0,605	0,646	0,175	0,093	0,094	0,095	0,606	0,615	0,611	0,596	0,612	0,300	0,594	0,637	0,130	0,092	0,098	0,095	0,614	0,604	0,616	0,613	0,615	0,305	0,606	0,644	0,092	0,092	0,094	0,478	0,094	0,167	0,093	0,097	0,102	0,097	0,095	0,098	0,093	0,094	0,093	0,097	0,164	0,469	0,106	0,093	0,157	0,096	0,094	0,094	0,093	0,095
13:50:19	37,0	0,097	0,093	0,093	0,094	0,094	0,094	0,094	0,093	0,095	0,093	0,093	0,093	0,249	0,095	0,096	0,094	0,097	0,093	0,095	0,096	0,096	0,094	0,092	0,092	0,095	0,092	0,610	0,609	0,612	0,605	0,616	0,301	0,592	0,636	0,092	0,093	0,094	0,097	0,610	0,611	0,605	0,605	0,614	0,303	0,609	0,652	0,207	0,093	0,094	0,094	0,610	0,617	0,615	0,599	0,615	0,300	0,597	0,644	0,131	0,092	0,098	0,095	0,618	0,608	0,621	0,616	0,620	0,306	0,610	0,649	0,092	0,093	0,093	0,481	0,094	0,168	0,093	0,097	0,102	0,097	0,095	0,098	0,093	0,094	0,093	0,097	0,166	0,474	0,106	0,093	0,158	0,096	0,094	0,094	0,093	0,095
14:00:19	37,0	0,098	0,093	0,093	0,094	0,094	0,094	0,094	0,093	0,095	0,093	0,094	0,093	0,250	0,095	0,096	0,094	0,097	0,094	0,095	0,096	0,096	0,094	0,092	0,092	0,095	0,093	0,612	0,611	0,614	0,608	0,619	0,303	0,595	0,641	0,092	0,093	0,094	0,097	0,616	0,616	0,609	0,608	0,618	0,303	0,612	0,656	0,242	0,093	0,094	0,095	0,616	0,622	0,620	0,606	0,618	0,302	0,600	0,648	0,133	0,092	0,098	0,095	0,623	0,612	0,625	0,620	0,623	0,307	0,613	0,656	0,092	0,092	0,094	0,489	0,094	0,170	0,093	0,097	0,102	0,097	0,095	0,098	0,093	0,094	0,093	0,097	0,166	0,478	0,106	0,092	0,160	0,096	0,093	0,094	0,093	0,095
14:10:19	37,0	0,097	0,093	0,093	0,094	0,093	0,094	0,094	0,093	0,095	0,093	0,093	0,093	0,252	0,095	0,096	0,094	0,096	0,094	0,094	0,096	0,096	0,094	0,092	0,092	0,095	0,093	0,616	0,615	0,618	0,612	0,624	0,305	0,599	0,648	0,092	0,093	0,094	0,097	0,620	0,618	0,612	0,610	0,622	0,304	0,615	0,663	0,260	0,093	0,094	0,094	0,619	0,624	0,621	0,610	0,622	0,303	0,604	0,655	0,135	0,092	0,098	0,095	0,627	0,616	0,627	0,624	0,627	0,309	0,619	0,663	0,092	0,092	0,094	0,494	0,094	0,168	0,093	0,097	0,102	0,097	0,095	0,098	0,093	0,094	0,093	0,097	0,168	0,483	0,106	0,093	0,161	0,096	0,093	0,094	0,093	0,097
14:20:19	37,0	0,098	0,093	0,093	0,094	0,094	0,094	0,095	0,093	0,095	0,094	0,094	0,094	0,253	0,095	0,096	0,094	0,097	0,094	0,095	0,096	0,096	0,094	0,093	0,092	0,096	0,093	0,620	0,620	0,622	0,615	0,626	0,307	0,601	0,652	0,092	0,093	0,094	0,097	0,624	0,621	0,617	0,615	0,626	0,306	0,618	0,668	0,261	0,093	0,094	0,095	0,623	0,629	0,626	0,613	0,627	0,304	0,608	0,659	0,138	0,093	0,099	0,095	0,633	0,621	0,632	0,629	0,631	0,310	0,624	0,669	0,093	0,093	0,094	0,501	0,094	0,169	0,093	0,097	0,102	0,097	0,095	0,098	0,093	0,095	0,093	0,097	0,169	0,488	0,106	0,093	0,163	0,096	0,094	0,094	0,093	0,095
14:30:19	37,0	0,097	0,093	0,093	0,094	0,093	0,093	0,094	0,093	0,095	0,093	0,093	0,093	0,254	0,095	0,096	0,093	0,097	0,094	0,094	0,096	0,096	0,093	0,092	0,092	0,095	0,093	0,625	0,623	0,626	0,619	0,630	0,308	0,605	0,658	0,092	0,092	0,094	0,097	0,628	0,626	0,620	0,619	0,631	0,307	0,624	0,675	0,263	0,093	0,094	0,094	0,629	0,634	0,630	0,617	0,630	0,305	0,611	0,665	0,141	0,092	0,098	0,095	0,636	0,625	0,636	0,633	0,635	0,312	0,627	0,673	0,092	0,093	0,093	0,507	0,094	0,169	0,093	0,097	0,102	0,097	0,095	0,098	0,093	0,094	0,093	0,097	0,169	0,493	0,106	0,093	0,165	0,096	0,094	0,094	0,093	0,095
14:40:19	37,0	0,097	0,093	0,093	0,094	0,093	0,094	0,094	0,093	0,095	0,093	0,093	0,093	0,256	0,095	0,096	0,094	0,096	0,093	0,094	0,096	0,096	0,094	0,092	0,092	0,095	0,093	0,632	0,628	0,629	0,622	0,636	0,310	0,609	0,662	0,092	0,092	0,094	0,097	0,632	0,630	0,626	0,622	0,637	0,308	0,628	0,679	0,255	0,093	0,094	0,094	0,632	0,638	0,634	0,618	0,634	0,307	0,613	0,668	0,143	0,092	0,098	0,095	0,640	0,628	0,639	0,638	0,639	0,313	0,630	0,680	0,092	0,092	0,093	0,510	0,093	0,169	0,093	0,097	0,102	0,097	0,095	0,098	0,093	0,094	0,093	0,097	0,170	0,497	0,106	0,093	0,167	0,095	0,093	0,094	0,093	0,097
14:50:19	37,0	0,097	0,093	0,093	0,094	0,094	0,094	0,094	0,093	0,095	0,093	0,093	0,093	0,257	0,095	0,096	0,094	0,097	0,094	0,095	0,096	0,096	0,094	0,092	0,092	0,095	0,093	0,633	0,631	0,635	0,626	0,639	0,312	0,613	0,667	0,092	0,093	0,094	0,097	0,636	0,634	0,629	0,624	0,640	0,309	0,632	0,686	0,249	0,093	0,094	0,095	0,637	0,640	0,637	0,622	0,640	0,308	0,615	0,676	0,146	0,092	0,098	0,095	0,643	0,632	0,646	0,642	0,644	0,315	0,634	0,684	0,092	0,092	0,094	0,516	0,094	0,170	0,093	0,097	0,102	0,097	0,095	0,098	0,093	0,094	0,093	0,097	0,170	0,502	0,106	0,093	0,168	0,096	0,094	0,094	0,093	0,095
15:00:19	37,0	0,098	0,093	0,094	0,094	0,094	0,094	0,095	0,093	0,095	0,094	0,093	0,093	0,259	0,095	0,097	0,094	0,097	0,094	0,095	0,096	0,096	0,094	0,092	0,092	0,096	0,093	0,638	0,636	0,639	0,634	0,644	0,314	0,618	0,674	0,092	0,093	0,094	0,097	0,640	0,639	0,632	0,632	0,645	0,311	0,636	0,691	0,239	0,093	0,094	0,095	0,642	0,645	0,642	0,626	0,644	0,310	0,619	0,680	0,149	0,093	0,099	0,095	0,648	0,636	0,649	0,647	0,648	0,317	0,638	0,690	0,092	0,092	0,094	0,519	0,094	0,170	0,093	0,097	0,102	0,097	0,095	0,099	0,093	0,095	0,093	0,097	0,172	0,510	0,106	0,093	0,169	0,096	0,094	0,094	0,093	0,096
15:10:19	37,0	0,097	0,093	0,093	0,094	0,094	0,094	0,095	0,093	0,095	0,093	0,093	0,093	0,260	0,095	0,097	0,094	0,097	0,094	0,095	0,096	0,096	0,094	0,092	0,092	0,095	0,093	0,642	0,639	0,641	0,635	0,647	0,316	0,621	0,678	0,092	0,093	0,094	0,097	0,644	0,639	0,635	0,632	0,648	0,312	0,639	0,696	0,229	0,093	0,094	0,095	0,644	0,647	0,643	0,627	0,647	0,312	0,621	0,684	0,153	0,092	0,098	0,095	0,651	0,638	0,652	0,650	0,651	0,319	0,641	0,695	0,092	0,093	0,094	0,526	0,094	0,170	0,093	0,097	0,102	0,097	0,095	0,098	0,093	0,095	0,093	0,097	0,172	0,515	0,106	0,093	0,170	0,096	0,094	0,094	0,093	0,095
15:20:19	37,0	0,097	0,093	0,093	0,094	0,094	0,094	0,094	0,093	0,095	0,093	0,093	0,093	0,261	0,095	0,096	0,094	0,097	0,094	0,094	0,096	0,096	0,094	0,092	0,092	0,095	0,093	0,645	0,642	0,645	0,639	0,650	0,319	0,625	0,682	0,092	0,093	0,094	0,097	0,648	0,645	0,639	0,637	0,654	0,314	0,643	0,701	0,220	0,093	0,094	0,095	0,648	0,652	0,648	0,632	0,653	0,313	0,623	0,691	0,155	0,092	0,099	0,095	0,654	0,644	0,657	0,655	0,656	0,321	0,644	0,700	0,093	0,093	0,094	0,530	0,094	0,171	0,093	0,097	0,102	0,097	0,095	0,098	0,093	0,095	0,093	0,097	0,173	0,520	0,106	0,093	0,172	0,096	0,094	0,094	0,093	0,097
15:30:19	37,0	0,097	0,093	0,093	0,094	0,094	0,094	0,094	0,093	0,095	0,093	0,093	0,093	0,262	0,095	0,096	0,094	0,097	0,094	0,095	0,096	0,096	0,094	0,092	0,092	0,095	0,093	0,649	0,647	0,651	0,644	0,655	0,320	0,630	0,686	0,092	0,093	0,094	0,097	0,654	0,648	0,644	0,642	0,657	0,315	0,648	0,706	0,214	0,093	0,094	0,095	0,652	0,656	0,652	0,635	0,658	0,315	0,628	0,696	0,158	0,092	0,098	0,095	0,660	0,647	0,660	0,660	0,659	0,323	0,649	0,706	0,092	0,092	0,094	0,535	0,094	0,170	0,093	0,097	0,102	0,097	0,095	0,098	0,093	0,094	0,093	0,097	0,174	0,527	0,106	0,093	0,173	0,096	0,094	0,094	0,093	0,095
15:40:19	37,0	0,097	0,093	0,093	0,094	0,094	0,094	0,094	0,093	0,095	0,094	0,094	0,093	0,264	0,095	0,096	0,094	0,097	0,094	0,094	0,096	0,096	0,094	0,093	0,092	0,095	0,093	0,655	0,653	0,655	0,648	0,662	0,323	0,634	0,692	0,092	0,093	0,095	0,097	0,659	0,653	0,646	0,644	0,661	0,317	0,651	0,710	0,209	0,093	0,094	0,095	0,658	0,659	0,657	0,638	0,659	0,317	0,631	0,699	0,161	0,092	0,098	0,095	0,664	0,651	0,666	0,663	0,664	0,324	0,653	0,708	0,092	0,093	0,094	0,544	0,094	0,170	0,093	0,097	0,102	0,097	0,095	0,098	0,093	0,095	0,093	0,097	0,174	0,531	0,106	0,093	0,174	0,096	0,094	0,094	0,093	0,096
15:50:19	37,0	0,097	0,093	0,093	0,094	0,094	0,094	0,094	0,093	0,095	0,093	0,093	0,093	0,267	0,095	0,096	0,094	0,097	0,093	0,094	0,096	0,096	0,094	0,092	0,092	0,095	0,093	0,657	0,654	0,658	0,652	0,666	0,325	0,636	0,696	0,092	0,093	0,094	0,097	0,662	0,655	0,651	0,646	0,662	0,318	0,654	0,714	0,204	0,093	0,094	0,095	0,659	0,662	0,659	0,643	0,664	0,319	0,634	0,703	0,163	0,092	0,098	0,095	0,667	0,654	0,668	0,666	0,665	0,327	0,656	0,712	0,092	0,092	0,094	0,548	0,094	0,171	0,093	0,097	0,102	0,097	0,095	0,098	0,093	0,095	0,093	0,097	0,174	0,539	0,106	0,093	0,174	0,096	0,094	0,094	0,093	0,095
16:00:19	37,0	0,098	0,093	0,093	0,094	0,094	0,094	0,094	0,093	0,095	0,094	0,093	0,093	0,267	0,095	0,096	0,094	0,097	0,094	0,095	0,096	0,096	0,094	0,093	0,092	0,095	0,093	0,660	0,658	0,663	0,658	0,670	0,327	0,641	0,700	0,092	0,093	0,094	0,097	0,667	0,659	0,655	0,652	0,667	0,320	0,659	0,720	0,205	0,093	0,094	0,095	0,664	0,667	0,661	0,645	0,668	0,322	0,638	0,708	0,166	0,092	0,098	0,095	0,671	0,658	0,671	0,671	0,670	0,330	0,660	0,717	0,093	0,093	0,094	0,552	0,094	0,171	0,093	0,097	0,102	0,097	0,095	0,098	0,093	0,094	0,093	0,097	0,175	0,543	0,106	0,093	0,176	0,096	0,094	0,094	0,093	0,096
16:10:19	37,0	0,097	0,093	0,093	0,094	0,094	0,094	0,094	0,093	0,095	0,093	0,093	0,093	0,268	0,095	0,097	0,094	0,097	0,094	0,095	0,096	0,096	0,094	0,092	0,092	0,095	0,093	0,664	0,661	0,665	0,663	0,674	0,329	0,645	0,706	0,092	0,093	0,094	0,097	0,670	0,663	0,656	0,657	0,673	0,321	0,661	0,726	0,207	0,093	0,094	0,095	0,667	0,670	0,665	0,647	0,672	0,324	0,640	0,714	0,169	0,092	0,099	0,095	0,676	0,661	0,674	0,675	0,673	0,332	0,665	0,722	0,092	0,093	0,094	0,559	0,094	0,172	0,093	0,097	0,102	0,097	0,095	0,098	0,093	0,094	0,093	0,097	0,175	0,550	0,106	0,093	0,177	0,096	0,094	0,094	0,093	0,095
16:20:19	37,0	0,097	0,093	0,093	0,094	0,094	0,094	0,094	0,093	0,095	0,093	0,093	0,093	0,270	0,095	0,096	0,094	0,097	0,094	0,095	0,096	0,096	0,094	0,092	0,092	0,095	0,092	0,669	0,665	0,669	0,667	0,679	0,332	0,650	0,709	0,092	0,093	0,094	0,097	0,674	0,666	0,660	0,659	0,676	0,323	0,666	0,731	0,211	0,093	0,094	0,095	0,671	0,673	0,669	0,650	0,675	0,326	0,642	0,717	0,171	0,092	0,098	0,095	0,679	0,664	0,677	0,677	0,675	0,334	0,668	0,727	0,092	0,093	0,094	0,563	0,094	0,172	0,093	0,097	0,102	0,097	0,095	0,098	0,093	0,094	0,093	0,097	0,176	0,558	0,106	0,093	0,177	0,096	0,094	0,094	0,093	0,099
16:30:19	37,0	0,098	0,093	0,093	0,094	0,094	0,094	0,095	0,093	0,095	0,094	0,094	0,094	0,271	0,095	0,096	0,094	0,097	0,094	0,095	0,096	0,096	0,094	0,093	0,093	0,096	0,093	0,676	0,668	0,672	0,669	0,683	0,334	0,652	0,714	0,092	0,093	0,094	0,097	0,678	0,670	0,663	0,664	0,681	0,325	0,668	0,735	0,220	0,093	0,095	0,095	0,676	0,679	0,673	0,656	0,680	0,328	0,644	0,722	0,174	0,092	0,099	0,095	0,685	0,668	0,682	0,682	0,680	0,336	0,670	0,730	0,093	0,093	0,094	0,569	0,094	0,172	0,093	0,097	0,102	0,097	0,095	0,098	0,093	0,094	0,093	0,097	0,177	0,563	0,106	0,093	0,179	0,096	0,094	0,094	0,093	0,095
16:40:19	37,0	0,097	0,093	0,093	0,094	0,093	0,094	0,094	0,093	0,095	0,093	0,093	0,093	0,273	0,095	0,096	0,094	0,097	0,094	0,095	0,096	0,096	0,094	0,092	0,092	0,095	0,093	0,677	0,670	0,675	0,675	0,686	0,336	0,656	0,719	0,092	0,092	0,094	0,097	0,680	0,671	0,666	0,664	0,683	0,326	0,672	0,739	0,227	0,093	0,094	0,095	0,678	0,680	0,676	0,657	0,683	0,330	0,646	0,725	0,177	0,092	0,098	0,095	0,687	0,671	0,687	0,685	0,684	0,338	0,675	0,736	0,092	0,092	0,094	0,573	0,094	0,171	0,093	0,097	0,102	0,097	0,094	0,098	0,093	0,094	0,093	0,097	0,177	0,572	0,106	0,093	0,179	0,096	0,094	0,094	0,093	0,102
16:50:19	37,0	0,098	0,093	0,093	0,094	0,094	0,094	0,094	0,093	0,095	0,093	0,093	0,093	0,275	0,095	0,096	0,094	0,097	0,094	0,094	0,096	0,096	0,094	0,092	0,092	0,095	0,093	0,682	0,675	0,678	0,677	0,692	0,338	0,659	0,724	0,092	0,093	0,094	0,097	0,685	0,675	0,669	0,669	0,686	0,329	0,676	0,742	0,228	0,093	0,094	0,095	0,682	0,684	0,679	0,661	0,688	0,332	0,649	0,730	0,180	0,092	0,098	0,095	0,690	0,675	0,689	0,689	0,687	0,341	0,678	0,738	0,092	0,092	0,094	0,580	0,094	0,172	0,093	0,097	0,102	0,097	0,095	0,098	0,093	0,094	0,093	0,097	0,177	0,579	0,106	0,093	0,179	0,096	0,094	0,094	0,093	0,096
17:00:19	37,0	0,097	0,093	0,093	0,094	0,094	0,094	0,094	0,093	0,095	0,093	0,093	0,093	0,276	0,095	0,097	0,094	0,097	0,094	0,095	0,096	0,096	0,094	0,092	0,092	0,095	0,093	0,683	0,681	0,684	0,684	0,696	0,341	0,662	0,729	0,092	0,093	0,094	0,097	0,688	0,680	0,672	0,674	0,689	0,331	0,679	0,749	0,228	0,093	0,094	0,095	0,685	0,687	0,682	0,663	0,691	0,335	0,651	0,735	0,182	0,092	0,098	0,095	0,694	0,679	0,692	0,694	0,692	0,343	0,682	0,743	0,092	0,092	0,094	0,585	0,094	0,172	0,093	0,097	0,102	0,097	0,095	0,098	0,093	0,094	0,093	0,097	0,178	0,583	0,106	0,093	0,180	0,096	0,094	0,094	0,093	0,100
17:10:19	37,0	0,097	0,093	0,093	0,094	0,094	0,094	0,094	0,093	0,095	0,093	0,093	0,093	0,280	0,095	0,096	0,094	0,097	0,094	0,095	0,096	0,096	0,094	0,092	0,092	0,095	0,093	0,688	0,683	0,687	0,686	0,700	0,342	0,666	0,734	0,092	0,093	0,094	0,097	0,692	0,681	0,676	0,675	0,693	0,332	0,681	0,751	0,231	0,093	0,094	0,094	0,689	0,690	0,684	0,667	0,694	0,338	0,655	0,738	0,185	0,092	0,098	0,095	0,697	0,682	0,695	0,697	0,694	0,345	0,685	0,747	0,092	0,092	0,094	0,590	0,094	0,172	0,093	0,097	0,102	0,097	0,095	0,098	0,093	0,094	0,093	0,097	0,178	0,590	0,106	0,093	0,181	0,096	0,094	0,094	0,092	0,095
17:20:19	37,0	0,097	0,093	0,093	0,094	0,094	0,094	0,094	0,093	0,095	0,093	0,094	0,093	0,281	0,095	0,096	0,094	0,097	0,094	0,095	0,096	0,096	0,094	0,093	0,092	0,095	0,093	0,691	0,686	0,690	0,690	0,703	0,345	0,670	0,737	0,092	0,093	0,094	0,097	0,695	0,684	0,679	0,677	0,697	0,334	0,685	0,758	0,232	0,093	0,094	0,095	0,693	0,693	0,687	0,670	0,699	0,340	0,657	0,743	0,189	0,092	0,098	0,095	0,702	0,686	0,698	0,700	0,699	0,347	0,689	0,752	0,092	0,093	0,094	0,597	0,094	0,172	0,093	0,097	0,102	0,097	0,095	0,098	0,093	0,094	0,093	0,097	0,179	0,595	0,106	0,093	0,181	0,096	0,094	0,094	0,093	0,095
17:30:19	37,0	0,097	0,093	0,093	0,094	0,094	0,094	0,094	0,093	0,095	0,093	0,093	0,093	0,284	0,095	0,096	0,094	0,097	0,094	0,094	0,096	0,096	0,094	0,092	0,092	0,095	0,093	0,694	0,689	0,692	0,693	0,706	0,347	0,673	0,742	0,092	0,093	0,094	0,097	0,698	0,687	0,682	0,682	0,700	0,336	0,690	0,762	0,234	0,093	0,094	0,094	0,696	0,696	0,689	0,672	0,703	0,341	0,658	0,746	0,192	0,092	0,099	0,095	0,706	0,689	0,701	0,704	0,700	0,350	0,691	0,756	0,092	0,092	0,093	0,601	0,094	0,172	0,093	0,097	0,102	0,097	0,095	0,098	0,093	0,094	0,093	0,097	0,180	0,603	0,106	0,093	0,182	0,096	0,094	0,094	0,093	0,102
17:40:19	37,0	0,097	0,093	0,093	0,093	0,094	0,094	0,094	0,093	0,095	0,093	0,093	0,093	0,286	0,095	0,096	0,094	0,096	0,094	0,094	0,096	0,096	0,094	0,092	0,092	0,095	0,093	0,697	0,692	0,696	0,696	0,709	0,349	0,676	0,746	0,092	0,093	0,094	0,097	0,702	0,692	0,685	0,685	0,703	0,338	0,694	0,765	0,236	0,093	0,094	0,095	0,701	0,700	0,694	0,676	0,706	0,343	0,662	0,750	0,194	0,092	0,098	0,095	0,709	0,692	0,705	0,706	0,704	0,352	0,695	0,760	0,092	0,092	0,094	0,605	0,094	0,172	0,093	0,097	0,102	0,097	0,095	0,098	0,093	0,094	0,093	0,097	0,180	0,608	0,106	0,093	0,182	0,096	0,094	0,094	0,092	0,096
17:50:19	37,0	0,097	0,093	0,093	0,093	0,093	0,094	0,094	0,093	0,095	0,093	0,093	0,093	0,290	0,095	0,096	0,093	0,097	0,094	0,095	0,096	0,096	0,093	0,092	0,092	0,095	0,093	0,704	0,695	0,699	0,700	0,713	0,351	0,680	0,750	0,092	0,092	0,094	0,097	0,706	0,695	0,688	0,688	0,707	0,340	0,697	0,770	0,243	0,093	0,094	0,094	0,704	0,703	0,697	0,679	0,708	0,346	0,664	0,756	0,198	0,092	0,098	0,095	0,711	0,695	0,708	0,710	0,709	0,354	0,698	0,765	0,092	0,092	0,093	0,613	0,094	0,172	0,093	0,097	0,102	0,097	0,095	0,098	0,093	0,094	0,093	0,097	0,180	0,616	0,106	0,093	0,183	0,095	0,094	0,094	0,093	0,095
18:00:19	37,0	0,097	0,093	0,093	0,094	0,094	0,094	0,094	0,093	0,095	0,094	0,094	0,094	0,294	0,095	0,096	0,094	0,097	0,094	0,095	0,096	0,096	0,094	0,092	0,092	0,095	0,093	0,707	0,699	0,701	0,703	0,716	0,354	0,683	0,756	0,092	0,093	0,094	0,097	0,710	0,699	0,692	0,693	0,711	0,342	0,699	0,775	0,254	0,093	0,094	0,095	0,707	0,706	0,701	0,682	0,712	0,348	0,665	0,760	0,201	0,092	0,099	0,095	0,717	0,699	0,713	0,714	0,713	0,357	0,702	0,771	0,092	0,093	0,094	0,620	0,094	0,173	0,093	0,097	0,102	0,097	0,095	0,099	0,093	0,095	0,093	0,097	0,181	0,621	0,106	0,093	0,184	0,096	0,094	0,094	0,093	0,095
18:10:19	37,0	0,097	0,093	0,093	0,094	0,094	0,094	0,094	0,093	0,095	0,093	0,093	0,093	0,297	0,095	0,096	0,094	0,097	0,093	0,094	0,096	0,096	0,094	0,092	0,092	0,095	0,093	0,710	0,703	0,706	0,707	0,719	0,355	0,686	0,760	0,092	0,093	0,094	0,097	0,714	0,703	0,696	0,697	0,712	0,344	0,704	0,778	0,258	0,093	0,094	0,095	0,712	0,711	0,704	0,685	0,716	0,350	0,667	0,762	0,203	0,092	0,098	0,095	0,720	0,702	0,715	0,718	0,716	0,359	0,706	0,774	0,092	0,092	0,094	0,621	0,094	0,173	0,093	0,097	0,102	0,097	0,095	0,098	0,093	0,095	0,093	0,097	0,180	0,626	0,106	0,093	0,184	0,096	0,094	0,094	0,093	0,102
18:20:19	37,0	0,097	0,093	0,093	0,094	0,094	0,094	0,094	0,093	0,095	0,093	0,093	0,093	0,298	0,095	0,096	0,094	0,097	0,094	0,094	0,096	0,096	0,094	0,093	0,092	0,095	0,093	0,712	0,706	0,709	0,710	0,723	0,358	0,688	0,763	0,092	0,093	0,094	0,097	0,717	0,705	0,696	0,698	0,716	0,346	0,705	0,784	0,264	0,093	0,094	0,095	0,713	0,712	0,706	0,687	0,720	0,353	0,668	0,769	0,205	0,092	0,098	0,095	0,723	0,704	0,718	0,722	0,718	0,361	0,710	0,780	0,092	0,093	0,094	0,627	0,094	0,172	0,093	0,097	0,102	0,097	0,095	0,098	0,093	0,095	0,093	0,097	0,181	0,631	0,106	0,093	0,185	0,095	0,094	0,094	0,093	0,097
18:30:19	37,0	0,097	0,093	0,094	0,094	0,094	0,094	0,094	0,093	0,095	0,093	0,094	0,093	0,302	0,095	0,096	0,094	0,097	0,094	0,095	0,096	0,096	0,094	0,092	0,092	0,095	0,093	0,714	0,707	0,711	0,715	0,727	0,361	0,689	0,768	0,092	0,093	0,094	0,097	0,720	0,706	0,700	0,701	0,719	0,348	0,707	0,788	0,267	0,093	0,094	0,095	0,717	0,715	0,709	0,692	0,721	0,356	0,670	0,772	0,208	0,092	0,099	0,095	0,727	0,708	0,721	0,726	0,723	0,364	0,712	0,783	0,092	0,093	0,094	0,633	0,094	0,173	0,093	0,097	0,102	0,097	0,095	0,098	0,093	0,094	0,093	0,097	0,182	0,640	0,106	0,093	0,185	0,096	0,094	0,094	0,093	0,101
18:40:19	37,0	0,097	0,093	0,093	0,094	0,094	0,094	0,094	0,093	0,096	0,094	0,093	0,094	0,303	0,095	0,097	0,094	0,097	0,094	0,094	0,096	0,096	0,094	0,092	0,092	0,095	0,093	0,719	0,711	0,717	0,718	0,732	0,364	0,696	0,774	0,092	0,093	0,094	0,097	0,723	0,710	0,702	0,702	0,721	0,351	0,710	0,792	0,269	0,093	0,094	0,095	0,721	0,718	0,712	0,694	0,726	0,358	0,675	0,776	0,209	0,092	0,099	0,095	0,728	0,711	0,725	0,729	0,726	0,367	0,715	0,788	0,092	0,093	0,094	0,640	0,094	0,173	0,093	0,097	0,102	0,097	0,095	0,098	0,093	0,095	0,094	0,097	0,182	0,646	0,106	0,093	0,186	0,096	0,094	0,094	0,093	0,097
18:50:19	37,0	0,097	0,093	0,093	0,094	0,094	0,094	0,094	0,093	0,095	0,093	0,093	0,093	0,307	0,095	0,097	0,094	0,097	0,094	0,095	0,096	0,096	0,094	0,092	0,092	0,095	0,093	0,722	0,714	0,720	0,720	0,736	0,367	0,699	0,777	0,092	0,093	0,094	0,097	0,727	0,714	0,707	0,705	0,725	0,353	0,713	0,796	0,285	0,093	0,094	0,095	0,724	0,722	0,714	0,699	0,731	0,362	0,675	0,780	0,211	0,092	0,098	0,095	0,732	0,714	0,728	0,733	0,729	0,369	0,720	0,791	0,092	0,092	0,094	0,643	0,094	0,173	0,093	0,097	0,102	0,097	0,095	0,098	0,093	0,094	0,093	0,097	0,182	0,652	0,106	0,093	0,186	0,096	0,094	0,094	0,093	0,095
19:00:19	37,0	0,097	0,093	0,093	0,094	0,093	0,094	0,094	0,093	0,095	0,093	0,093	0,093	0,312	0,095	0,096	0,094	0,097	0,094	0,094	0,096	0,096	0,094	0,092	0,092	0,095	0,093	0,727	0,718	0,725	0,725	0,739	0,369	0,702	0,783	0,092	0,093	0,094	0,097	0,732	0,717	0,710	0,710	0,731	0,356	0,717	0,799	0,304	0,093	0,094	0,095	0,728	0,725	0,720	0,700	0,736	0,364	0,681	0,785	0,212	0,092	0,099	0,095	0,735	0,719	0,732	0,737	0,731	0,371	0,723	0,795	0,092	0,093	0,093	0,647	0,094	0,173	0,093	0,097	0,102	0,097	0,095	0,098	0,093	0,094	0,093	0,097	0,182	0,656	0,106	0,093	0,187	0,096	0,094	0,094	0,093	0,100
19:10:19	37,0	0,097	0,093	0,094	0,094	0,094	0,094	0,094	0,093	0,095	0,094	0,094	0,093	0,315	0,095	0,096	0,094	0,097	0,094	0,095	0,096	0,096	0,094	0,093	0,092	0,096	0,093	0,730	0,722	0,726	0,729	0,742	0,371	0,705	0,785	0,092	0,093	0,094	0,097	0,736	0,720	0,712	0,713	0,734	0,357	0,720	0,804	0,318	0,093	0,095	0,095	0,733	0,728	0,722	0,704	0,739	0,367	0,680	0,788	0,214	0,092	0,099	0,095	0,740	0,721	0,734	0,740	0,736	0,375	0,727	0,799	0,093	0,093	0,094	0,651	0,094	0,174	0,093	0,097	0,102	0,097	0,095	0,099	0,093	0,095	0,094	0,097	0,182	0,666	0,106	0,093	0,187	0,096	0,094	0,094	0,093	0,099
19:20:19	37,0	0,097	0,093	0,093	0,094	0,094	0,094	0,094	0,093	0,095	0,093	0,093	0,094	0,320	0,095	0,096	0,094	0,097	0,094	0,095	0,096	0,096	0,094	0,092	0,092	0,095	0,093	0,734	0,725	0,730	0,732	0,746	0,375	0,708	0,793	0,092	0,093	0,094	0,097	0,740	0,724	0,716	0,716	0,737	0,359	0,723	0,808	0,338	0,093	0,094	0,095	0,737	0,730	0,726	0,706	0,743	0,369	0,680	0,792	0,216	0,092	0,099	0,095	0,745	0,724	0,739	0,744	0,740	0,377	0,729	0,804	0,093	0,093	0,094	0,656	0,094	0,173	0,093	0,097	0,102	0,097	0,095	0,098	0,093	0,094	0,094	0,097	0,182	0,669	0,106	0,093	0,187	0,096	0,094	0,094	0,093	0,097
19:30:19	37,0	0,097	0,093	0,093	0,094	0,093	0,094	0,094	0,093	0,095	0,093	0,093	0,093	0,320	0,095	0,096	0,094	0,097	0,093	0,094	0,096	0,096	0,094	0,092	0,092	0,095	0,093	0,740	0,730	0,733	0,735	0,750	0,377	0,712	0,796	0,092	0,092	0,094	0,097	0,743	0,727	0,719	0,719	0,740	0,362	0,727	0,811	0,353	0,093	0,094	0,094	0,740	0,734	0,728	0,709	0,744	0,372	0,683	0,796	0,217	0,092	0,098	0,095	0,749	0,729	0,742	0,747	0,743	0,380	0,733	0,809	0,092	0,092	0,093	0,660	0,094	0,173	0,093	0,097	0,102	0,097	0,095	0,098	0,093	0,094	0,093	0,097	0,183	0,674	0,106	0,093	0,187	0,095	0,094	0,094	0,093	0,095
19:40:19	37,0	0,097	0,093	0,093	0,094	0,094	0,094	0,094	0,093	0,096	0,093	0,094	0,094	0,324	0,095	0,097	0,094	0,097	0,094	0,095	0,096	0,096	0,094	0,093	0,092	0,095	0,093	0,743	0,734	0,736	0,739	0,754	0,379	0,714	0,799	0,092	0,093	0,094	0,097	0,746	0,731	0,722	0,721	0,744	0,364	0,729	0,816	0,389	0,093	0,094	0,095	0,744	0,738	0,731	0,712	0,749	0,375	0,683	0,800	0,219	0,093	0,099	0,095	0,752	0,733	0,746	0,752	0,748	0,383	0,737	0,814	0,092	0,093	0,094	0,667	0,094	0,173	0,093	0,097	0,102	0,097	0,095	0,099	0,093	0,095	0,094	0,097	0,184	0,677	0,106	0,093	0,188	0,096	0,094	0,094	0,093	0,103
19:50:19	37,0	0,097	0,093	0,093	0,094	0,094	0,094	0,094	0,093	0,095	0,093	0,094	0,094	0,330	0,095	0,097	0,094	0,097	0,094	0,095	0,096	0,096	0,094	0,093	0,092	0,096	0,093	0,743	0,733	0,740	0,742	0,756	0,382	0,717	0,805	0,092	0,093	0,094	0,097	0,748	0,732	0,727	0,725	0,749	0,367	0,732	0,819	0,427	0,093	0,094	0,095	0,748	0,739	0,736	0,716	0,752	0,378	0,688	0,804	0,221	0,093	0,099	0,095	0,756	0,737	0,750	0,755	0,750	0,387	0,741	0,817	0,092	0,093	0,094	0,670	0,094	0,174	0,093	0,098	0,102	0,097	0,095	0,099	0,093	0,095	0,094	0,097	0,183	0,686	0,106	0,093	0,188	0,096	0,094	0,094	0,093	0,095
20:00:19	37,0	0,097	0,093	0,093	0,094	0,094	0,094	0,095	0,093	0,096	0,094	0,094	0,093	0,332	0,095	0,097	0,094	0,097	0,094	0,094	0,096	0,096	0,094	0,093	0,092	0,095	0,093	0,747	0,736	0,743	0,748	0,758	0,384	0,723	0,806	0,092	0,093	0,094	0,097	0,753	0,735	0,730	0,728	0,751	0,368	0,735	0,823	0,462	0,093	0,094	0,095	0,751	0,742	0,737	0,717	0,755	0,380	0,686	0,806	0,222	0,093	0,098	0,095	0,757	0,739	0,752	0,758	0,752	0,389	0,742	0,821	0,093	0,093	0,094	0,675	0,094	0,174	0,093	0,097	0,102	0,097	0,095	0,099	0,093	0,095	0,094	0,097	0,183	0,693	0,106	0,093	0,189	0,096	0,094	0,094	0,093	0,101
20:10:19	37,0	0,097	0,093	0,093	0,094	0,094	0,094	0,094	0,093	0,096	0,093	0,093	0,093	0,336	0,095	0,097	0,094	0,097	0,094	0,095	0,096	0,096	0,094	0,093	0,092	0,095	0,093	0,752	0,741	0,745	0,748	0,762	0,386	0,726	0,813	0,092	0,093	0,094	0,097	0,756	0,738	0,732	0,731	0,752	0,370	0,737	0,826	0,490	0,093	0,094	0,095	0,754	0,745	0,740	0,720	0,757	0,384	0,692	0,810	0,224	0,092	0,098	0,095	0,760	0,741	0,754	0,762	0,756	0,392	0,747	0,825	0,092	0,093	0,094	0,680	0,094	0,174	0,093	0,097	0,102	0,097	0,095	0,098	0,093	0,094	0,094	0,097	0,184	0,698	0,106	0,093	0,189	0,096	0,094	0,094	0,093	0,096
20:20:19	37,0	0,097	0,093	0,093	0,094	0,094	0,094	0,095	0,093	0,096	0,094	0,093	0,094	0,340	0,095	0,097	0,094	0,097	0,094	0,095	0,096	0,096	0,094	0,093	0,092	0,095	0,093	0,754	0,746	0,749	0,753	0,766	0,389	0,728	0,818	0,092	0,093	0,094	0,097	0,760	0,742	0,736	0,733	0,756	0,373	0,741	0,830	0,527	0,093	0,094	0,095	0,758	0,748	0,743	0,723	0,760	0,387	0,693	0,814	0,225	0,092	0,098	0,095	0,764	0,744	0,757	0,766	0,759	0,394	0,751	0,828	0,092	0,093	0,094	0,684	0,094	0,174	0,093	0,097	0,102	0,097	0,095	0,098	0,093	0,095	0,094	0,097	0,184	0,704	0,106	0,093	0,189	0,096	0,094	0,094	0,093	0,095
20:30:19	37,0	0,097	0,093	0,093	0,094	0,094	0,094	0,094	0,093	0,095	0,093	0,093	0,093	0,346	0,095	0,097	0,094	0,097	0,094	0,095	0,096	0,096	0,094	0,092	0,092	0,095	0,093	0,758	0,746	0,752	0,758	0,771	0,391	0,731	0,819	0,092	0,093	0,094	0,097	0,762	0,745	0,737	0,735	0,759	0,374	0,744	0,834	0,557	0,093	0,094	0,094	0,760	0,751	0,745	0,725	0,765	0,390	0,694	0,818	0,227	0,092	0,098	0,095	0,768	0,747	0,760	0,768	0,763	0,397	0,754	0,832	0,092	0,092	0,094	0,689	0,094	0,174	0,093	0,097	0,102	0,097	0,095	0,098	0,093	0,094	0,094	0,097	0,184	0,706	0,106	0,093	0,190	0,096	0,094	0,094	0,093	0,097
20:40:19	37,0	0,097	0,093	0,093	0,094	0,094	0,094	0,094	0,093	0,096	0,094	0,094	0,093	0,349	0,095	0,097	0,094	0,097	0,094	0,094	0,096	0,096	0,094	0,092	0,092	0,095	0,093	0,759	0,749	0,756	0,760	0,773	0,392	0,734	0,824	0,092	0,093	0,094	0,097	0,766	0,746	0,741	0,739	0,761	0,378	0,749	0,837	0,584	0,093	0,095	0,095	0,763	0,754	0,747	0,727	0,767	0,393	0,696	0,821	0,228	0,092	0,098	0,095	0,771	0,750	0,762	0,772	0,765	0,399	0,757	0,837	0,092	0,093	0,094	0,694	0,094	0,174	0,093	0,097	0,102	0,098	0,095	0,098	0,093	0,094	0,094	0,097	0,185	0,714	0,106	0,093	0,190	0,096	0,094	0,094	0,093	0,095
20:50:19	37,0	0,097	0,093	0,093	0,094	0,094	0,094	0,094	0,093	0,095	0,093	0,093	0,094	0,356	0,095	0,096	0,094	0,097	0,094	0,094	0,096	0,096	0,094	0,093	0,092	0,095	0,093	0,760	0,752	0,757	0,764	0,777	0,395	0,738	0,825	0,092	0,093	0,094	0,097	0,769	0,748	0,742	0,742	0,765	0,380	0,751	0,841	0,610	0,093	0,094	0,094	0,765	0,756	0,748	0,730	0,769	0,396	0,697	0,825	0,229	0,092	0,098	0,095	0,774	0,753	0,765	0,774	0,767	0,402	0,760	0,840	0,092	0,092	0,094	0,698	0,094	0,175	0,093	0,097	0,102	0,097	0,095	0,098	0,093	0,094	0,093	0,097	0,184	0,720	0,106	0,093	0,190	0,096	0,094	0,094	0,093	0,100
21:00:19	37,0	0,097	0,093	0,093	0,094	0,094	0,094	0,094	0,093	0,095	0,093	0,093	0,093	0,357	0,095	0,096	0,094	0,097	0,094	0,094	0,096	0,096	0,094	0,092	0,092	0,095	0,093	0,766	0,754	0,759	0,766	0,781	0,397	0,742	0,831	0,092	0,093	0,094	0,097	0,772	0,753	0,745	0,745	0,769	0,383	0,754	0,843	0,637	0,093	0,094	0,094	0,770	0,759	0,752	0,731	0,773	0,400	0,698	0,827	0,231	0,092	0,098	0,095	0,777	0,756	0,768	0,778	0,770	0,403	0,763	0,841	0,092	0,092	0,094	0,704	0,094	0,174	0,093	0,097	0,102	0,097	0,095	0,098	0,093	0,094	0,094	0,097	0,184	0,724	0,106	0,093	0,190	0,096	0,094	0,094	0,093	0,096
21:10:19	37,0	0,097	0,093	0,093	0,094	0,094	0,094	0,094	0,093	0,095	0,093	0,093	0,093	0,362	0,095	0,096	0,094	0,097	0,094	0,095	0,096	0,096	0,094	0,093	0,092	0,095	0,093	0,769	0,760	0,763	0,771	0,784	0,399	0,744	0,837	0,092	0,093	0,094	0,097	0,776	0,756	0,748	0,748	0,769	0,385	0,756	0,846	0,662	0,093	0,094	0,095	0,773	0,761	0,754	0,735	0,776	0,401	0,699	0,830	0,232	0,092	0,098	0,095	0,779	0,758	0,770	0,781	0,773	0,407	0,766	0,847	0,093	0,092	0,094	0,708	0,094	0,174	0,093	0,097	0,102	0,097	0,095	0,098	0,093	0,095	0,094	0,097	0,184	0,728	0,106	0,093	0,191	0,096	0,094	0,094	0,093	0,095
21:20:19	37,0	0,097	0,093	0,093	0,094	0,094	0,094	0,094	0,093	0,095	0,093	0,093	0,093	0,373	0,095	0,097	0,094	0,097	0,094	0,094	0,096	0,096	0,094	0,092	0,092	0,095	0,093	0,771	0,761	0,768	0,774	0,789	0,401	0,747	0,844	0,092	0,093	0,094	0,097	0,778	0,758	0,749	0,748	0,772	0,388	0,759	0,849	0,684	0,093	0,094	0,095	0,776	0,763	0,756	0,737	0,779	0,404	0,700	0,834	0,233	0,092	0,098	0,095	0,783	0,760	0,774	0,786	0,775	0,409	0,769	0,850	0,092	0,092	0,094	0,711	0,094	0,174	0,093	0,097	0,102	0,097	0,095	0,098	0,093	0,094	0,094	0,097	0,185	0,736	0,106	0,093	0,191	0,096	0,094	0,094	0,093	0,097
21:30:19	37,0	0,097	0,093	0,093	0,094	0,094	0,094	0,094	0,093	0,095	0,093	0,093	0,093	0,376	0,095	0,097	0,094	0,097	0,094	0,095	0,096	0,096	0,094	0,093	0,092	0,095	0,093	0,775	0,765	0,771	0,777	0,792	0,402	0,749	0,846	0,092	0,093	0,094	0,097	0,781	0,760	0,753	0,751	0,776	0,390	0,762	0,853	0,705	0,093	0,094	0,095	0,778	0,765	0,758	0,739	0,782	0,406	0,700	0,838	0,234	0,092	0,098	0,095	0,785	0,763	0,777	0,788	0,778	0,411	0,772	0,854	0,092	0,093	0,094	0,715	0,094	0,175	0,093	0,097	0,102	0,097	0,095	0,098	0,093	0,095	0,094	0,097	0,184	0,739	0,106	0,093	0,191	0,096	0,093	0,094	0,093	0,095
21:40:19	37,0	0,097	0,093	0,093	0,094	0,094	0,094	0,094	0,093	0,095	0,093	0,094	0,093	0,383	0,095	0,097	0,094	0,097	0,094	0,095	0,096	0,096	0,094	0,092	0,092	0,095	0,093	0,779	0,770	0,774	0,782	0,794	0,405	0,754	0,850	0,092	0,093	0,094	0,097	0,786	0,763	0,755	0,754	0,778	0,393	0,766	0,857	0,720	0,093	0,094	0,095	0,783	0,770	0,761	0,741	0,785	0,409	0,703	0,842	0,236	0,092	0,099	0,095	0,788	0,766	0,779	0,791	0,780	0,414	0,776	0,857	0,092	0,093	0,094	0,720	0,094	0,175	0,093	0,097	0,102	0,097	0,095	0,098	0,093	0,095	0,094	0,097	0,184	0,746	0,106	0,093	0,192	0,096	0,094	0,094	0,093	0,095
21:50:19	37,0	0,097	0,093	0,093	0,094	0,093	0,093	0,094	0,093	0,095	0,093	0,093	0,093	0,390	0,095	0,096	0,094	0,097	0,094	0,095	0,096	0,096	0,094	0,092	0,092	0,095	0,093	0,780	0,771	0,776	0,784	0,799	0,406	0,757	0,855	0,092	0,093	0,094	0,097	0,787	0,765	0,757	0,756	0,779	0,394	0,768	0,858	0,738	0,093	0,094	0,095	0,785	0,772	0,761	0,743	0,788	0,411	0,705	0,844	0,237	0,092	0,098	0,095	0,791	0,769	0,780	0,793	0,783	0,417	0,778	0,861	0,092	0,092	0,093	0,726	0,094	0,175	0,093	0,097	0,102	0,097	0,095	0,098	0,093	0,094	0,093	0,097	0,185	0,751	0,106	0,093	0,191	0,095	0,094	0,094	0,093	0,095
22:00:19	37,0	0,097	0,093	0,093	0,094	0,093	0,094	0,094	0,093	0,095	0,093	0,093	0,093	0,403	0,095	0,097	0,094	0,097	0,094	0,095	0,096	0,096	0,094	0,092	0,092	0,095	0,093	0,783	0,772	0,779	0,787	0,802	0,408	0,760	0,858	0,092	0,093	0,094	0,097	0,791	0,768	0,760	0,759	0,785	0,399	0,771	0,862	0,754	0,093	0,094	0,095	0,790	0,775	0,765	0,745	0,790	0,413	0,705	0,847	0,239	0,092	0,098	0,095	0,794	0,772	0,784	0,797	0,785	0,419	0,780	0,864	0,092	0,093	0,094	0,732	0,094	0,175	0,093	0,097	0,102	0,097	0,095	0,098	0,093	0,094	0,093	0,097	0,185	0,758	0,106	0,093	0,192	0,096	0,094	0,094	0,093	0,097
22:10:19	37,0	0,097	0,093	0,093	0,094	0,094	0,094	0,094	0,093	0,095	0,093	0,093	0,093	0,406	0,095	0,096	0,094	0,097	0,094	0,094	0,096	0,096	0,094	0,093	0,092	0,095	0,093	0,785	0,774	0,780	0,791	0,805	0,410	0,763	0,865	0,093	0,093	0,094	0,097	0,795	0,769	0,761	0,761	0,787	0,400	0,773	0,864	0,763	0,093	0,094	0,095	0,793	0,777	0,767	0,748	0,793	0,416	0,709	0,850	0,240	0,092	0,098	0,095	0,797	0,774	0,787	0,800	0,788	0,421	0,782	0,868	0,093	0,092	0,094	0,738	0,094	0,175	0,093	0,097	0,102	0,097	0,095	0,098	0,093	0,095	0,094	0,097	0,186	0,763	0,106	0,093	0,192	0,096	0,094	0,094	0,093	0,095
22:20:19	37,0	0,097	0,093	0,093	0,094	0,094	0,094	0,094	0,093	0,095	0,094	0,093	0,093	0,423	0,095	0,096	0,094	0,097	0,094	0,095	0,096	0,096	0,094	0,093	0,092	0,095	0,093	0,788	0,775	0,784	0,794	0,808	0,413	0,765	0,868	0,092	0,093	0,094	0,097	0,797	0,773	0,763	0,764	0,790	0,402	0,776	0,868	0,773	0,093	0,094	0,095	0,795	0,778	0,770	0,749	0,796	0,418	0,709	0,853	0,241	0,092	0,098	0,095	0,800	0,777	0,789	0,803	0,789	0,424	0,786	0,871	0,092	0,093	0,094	0,744	0,094	0,176	0,093	0,097	0,102	0,097	0,095	0,098	0,093	0,094	0,093	0,097	0,185	0,767	0,106	0,093	0,192	0,096	0,094	0,094	0,093	0,095
22:30:19	37,0	0,097	0,093	0,093	0,094	0,094	0,094	0,094	0,093	0,096	0,094	0,093	0,093	0,442	0,095	0,097	0,094	0,097	0,094	0,095	0,096	0,096	0,094	0,092	0,093	0,095	0,093	0,791	0,779	0,787	0,795	0,809	0,415	0,768	0,873	0,092	0,093	0,094	0,097	0,800	0,775	0,766	0,765	0,791	0,405	0,778	0,870	0,779	0,093	0,094	0,095	0,797	0,782	0,772	0,752	0,798	0,421	0,710	0,856	0,242	0,092	0,098	0,095	0,803	0,781	0,791	0,806	0,792	0,426	0,788	0,875	0,093	0,093	0,094	0,747	0,094	0,176	0,093	0,097	0,102	0,098	0,095	0,098	0,093	0,095	0,094	0,097	0,185	0,772	0,106	0,093	0,193	0,096	0,094	0,094	0,093	0,102
22:40:19	36,9	0,097	0,093	0,093	0,094	0,094	0,094	0,094	0,093	0,095	0,093	0,093	0,093	0,441	0,095	0,096	0,094	0,097	0,094	0,095	0,096	0,096	0,094	0,092	0,092	0,095	0,093	0,794	0,780	0,787	0,798	0,812	0,416	0,773	0,877	0,092	0,093	0,094	0,097	0,804	0,776	0,769	0,767	0,794	0,407	0,781	0,876	0,783	0,093	0,094	0,095	0,800	0,783	0,774	0,754	0,801	0,424	0,711	0,859	0,244	0,092	0,098	0,095	0,805	0,783	0,795	0,808	0,793	0,428	0,792	0,876	0,092	0,092	0,093	0,750	0,094	0,176	0,093	0,097	0,102	0,098	0,095	0,098	0,093	0,095	0,093	0,097	0,185	0,777	0,106	0,093	0,192	0,096	0,094	0,094	0,093	0,095